dataset,dimension,algorithm,n,successful_n,success_rate,success_wilson_low,success_wilson_high,metric,valid_n,mean,std,median,q1,q3
main,2,RRT,500,500,1.0,0.9923756595384479,1.0,first_solution_attempt,500,813.41,370.59092429029164,726.5,554.5,971.0
main,2,RRT,500,500,1.0,0.9923756595384479,1.0,first_solution_time_s,500,0.04045935001701578,0.01885920183118156,0.03558221447747195,0.027678147002006825,0.0475225005211541
main,2,RRT,500,500,1.0,0.9923756595384479,1.0,first_solution_nodes,500,504.494,219.1321330784123,457.0,352.0,587.0
main,2,RRT,500,500,1.0,0.9923756595384479,1.0,first_solution_cost_mm,500,2533.2713200340704,183.97811008800358,2513.03860071313,2395.5049311810462,2638.8346594692102
main,2,RRT,500,500,1.0,0.9923756595384479,1.0,first_solution_efficiency,500,0.7574909574623474,0.05328983737357096,0.7597131034225392,0.7234967700881892,0.7969879586912323
main,2,RRT,500,500,1.0,0.9923756595384479,1.0,fixed_budget_cost_mm,500,2532.9384391408926,183.98875843863902,2513.03860071313,2395.5049311810462,2637.1338404754965
main,2,RRT,500,500,1.0,0.9923756595384479,1.0,fixed_budget_time_s,500,0.3109401923791738,0.015170303588167016,0.309754088986665,0.3001505540305515,0.32049357623327523
main,2,RRT,500,500,1.0,0.9923756595384479,1.0,total_nodes,500,3712.874,114.81838112989827,3720.0,3655.75,3783.0
main,2,RRT,500,500,1.0,0.9923756595384479,1.0,collision_checks,500,4808.496,23.349698088018254,4806.0,4793.0,4820.0
main,2,RRT,500,500,1.0,0.9923756595384479,1.0,fixed_budget_efficiency,500,0.757591018493033,0.053293898749082025,0.7597131034225392,0.7239634476021845,0.7969879586912323
main,2,RRT,500,500,1.0,0.9923756595384479,1.0,efficiency_all_runs,500,0.757591018493033,0.053293898749082025,0.7597131034225392,0.7239634476021845,0.7969879586912323
main,2,RRT,500,500,1.0,0.9923756595384479,1.0,first_attempt_capped,500,813.41,370.59092429029164,726.5,554.5,971.0
main,2,RRT,500,500,1.0,0.9923756595384479,1.0,success,500,1.0,0.0,1.0,1.0,1.0
main,2,RRT-Connect,500,500,1.0,0.9923756595384479,1.0,first_solution_attempt,500,418.644,325.54343846044463,322.5,202.25,533.75
main,2,RRT-Connect,500,500,1.0,0.9923756595384479,1.0,first_solution_time_s,500,0.018870975149446117,0.014118638015632122,0.01507821399718515,0.009789807765628175,0.02334819249517745
main,2,RRT-Connect,500,500,1.0,0.9923756595384479,1.0,first_solution_nodes,500,165.17,92.23359024965191,141.0,104.0,198.25
main,2,RRT-Connect,500,500,1.0,0.9923756595384479,1.0,first_solution_cost_mm,500,2370.484666723338,236.8801003908453,2328.437467239707,2187.5668707827326,2514.4617531584436
main,2,RRT-Connect,500,500,1.0,0.9923756595384479,1.0,first_solution_efficiency,500,0.8129968501659076,0.07668097007818774,0.8199441251032316,0.759283100166708,0.8727451200671775
main,2,RRT-Connect,500,500,1.0,0.9923756595384479,1.0,fixed_budget_cost_mm,500,2251.382393073806,162.371755246945,2221.0922401576217,2131.294039737224,2345.1672055957347
main,2,RRT-Connect,500,500,1.0,0.9923756595384479,1.0,fixed_budget_time_s,500,0.5126209966414608,0.03933890273465699,0.5140107049955986,0.4935828517918708,0.537867445484153
main,2,RRT-Connect,500,500,1.0,0.9923756595384479,1.0,total_nodes,500,4047.246,253.53362712699146,4101.5,3947.25,4212.0
main,2,RRT-Connect,500,500,1.0,0.9923756595384479,1.0,collision_checks,500,5000.0,0.0,5000.0,5000.0,5000.0
main,2,RRT-Connect,500,500,1.0,0.9923756595384479,1.0,fixed_budget_efficiency,500,0.8522117554876656,0.05867843125792733,0.8595729910679049,0.8140947986988302,0.8957883233989892
main,2,RRT-Connect,500,500,1.0,0.9923756595384479,1.0,efficiency_all_runs,500,0.8522117554876656,0.05867843125792733,0.8595729910679049,0.8140947986988302,0.8957883233989892
main,2,RRT-Connect,500,500,1.0,0.9923756595384479,1.0,first_attempt_capped,500,418.644,325.54343846044463,322.5,202.25,533.75
main,2,RRT-Connect,500,500,1.0,0.9923756595384479,1.0,success,500,1.0,0.0,1.0,1.0,1.0
main,2,RRT*,500,500,1.0,0.9923756595384479,1.0,first_solution_attempt,500,813.41,370.59092429029164,726.5,554.5,971.0
main,2,RRT*,500,500,1.0,0.9923756595384479,1.0,first_solution_time_s,500,0.12721007329353595,0.08465118929093746,0.1026054804679006,0.0740070702595403,0.14812521226122044
main,2,RRT*,500,500,1.0,0.9923756595384479,1.0,first_solution_nodes,500,504.494,219.1321330784123,457.0,352.0,587.0
main,2,RRT*,500,500,1.0,0.9923756595384479,1.0,first_solution_cost_mm,500,2114.4933699071407,109.82069761441024,2095.80849320325,2029.0281560115009,2186.1941086346096
main,2,RRT*,500,500,1.0,0.9923756595384479,1.0,first_solution_efficiency,500,0.905266322508162,0.045628468803517015,0.9109555321145073,0.8732931361135472,0.940937320117148
main,2,RRT*,500,500,1.0,0.9923756595384479,1.0,fixed_budget_cost_mm,500,1974.3218402225873,41.88234943903764,1970.2681340669444,1942.5960309027587,1999.2053942309553
main,2,RRT*,500,500,1.0,0.9923756595384479,1.0,fixed_budget_time_s,500,1.5878812771686353,0.09053686831445541,1.5833303855033591,1.5268581409909527,1.6493353139958347
main,2,RRT*,500,500,1.0,0.9923756595384479,1.0,total_nodes,500,3712.874,114.81838112989827,3720.0,3655.75,3783.0
main,2,RRT*,500,500,1.0,0.9923756595384479,1.0,collision_checks,500,25311.622,1453.2678273022298,25255.5,24365.5,26488.5
main,2,RRT*,500,500,1.0,0.9923756595384479,1.0,fixed_budget_efficiency,500,0.9674290695467623,0.019834305613620328,0.9689998680082982,0.9549735686066495,0.9828025415787649
main,2,RRT*,500,500,1.0,0.9923756595384479,1.0,efficiency_all_runs,500,0.9674290695467623,0.019834305613620328,0.9689998680082982,0.9549735686066495,0.9828025415787649
main,2,RRT*,500,500,1.0,0.9923756595384479,1.0,first_attempt_capped,500,813.41,370.59092429029164,726.5,554.5,971.0
main,2,RRT*,500,500,1.0,0.9923756595384479,1.0,success,500,1.0,0.0,1.0,1.0,1.0
main,2,Informed-RRT*,500,500,1.0,0.9923756595384479,1.0,first_solution_attempt,500,813.41,370.59092429029164,726.5,554.5,971.0
main,2,Informed-RRT*,500,500,1.0,0.9923756595384479,1.0,first_solution_time_s,500,0.1276938414054457,0.08433486779155375,0.10355626349337395,0.0744466104952152,0.151045413032989
main,2,Informed-RRT*,500,500,1.0,0.9923756595384479,1.0,first_solution_nodes,500,504.494,219.1321330784123,457.0,352.0,587.0
main,2,Informed-RRT*,500,500,1.0,0.9923756595384479,1.0,first_solution_cost_mm,500,2114.4933699071407,109.82069761441024,2095.80849320325,2029.0281560115009,2186.1941086346096
main,2,Informed-RRT*,500,500,1.0,0.9923756595384479,1.0,first_solution_efficiency,500,0.905266322508162,0.045628468803517015,0.9109555321145073,0.8732931361135472,0.940937320117148
main,2,Informed-RRT*,500,500,1.0,0.9923756595384479,1.0,fixed_budget_cost_mm,500,1952.129298339872,28.7802046950861,1941.5820972392644,1928.785525649348,1975.334666367597
main,2,Informed-RRT*,500,500,1.0,0.9923756595384479,1.0,fixed_budget_time_s,500,2.656242480103625,0.5831247468947047,2.541455242026132,2.1970286374853454,3.0638709272316187
main,2,Informed-RRT*,500,500,1.0,0.9923756595384479,1.0,total_nodes,500,3567.346,151.01280747022776,3572.0,3458.5,3688.25
main,2,Informed-RRT*,500,500,1.0,0.9923756595384479,1.0,collision_checks,500,36437.724,6739.562619965845,34864.0,31053.0,41168.75
main,2,Informed-RRT*,500,500,1.0,0.9923756595384479,1.0,fixed_budget_efficiency,500,0.9782118872071092,0.014203486627645505,0.9833157785628679,0.9665138478616716,0.9898396083466401
main,2,Informed-RRT*,500,500,1.0,0.9923756595384479,1.0,efficiency_all_runs,500,0.9782118872071092,0.014203486627645505,0.9833157785628679,0.9665138478616716,0.9898396083466401
main,2,Informed-RRT*,500,500,1.0,0.9923756595384479,1.0,first_attempt_capped,500,813.41,370.59092429029164,726.5,554.5,971.0
main,2,Informed-RRT*,500,500,1.0,0.9923756595384479,1.0,success,500,1.0,0.0,1.0,1.0,1.0
main,2,Dynamic-RRT,500,499,0.998,0.9887592932948532,0.9996468636054407,first_solution_attempt,499,695.6492985971944,390.02361072401476,608.0,446.5,831.0
main,2,Dynamic-RRT,500,499,0.998,0.9887592932948532,0.9996468636054407,first_solution_time_s,499,0.1516641263853766,0.09504615295829376,0.1270929859601892,0.09047700450173575,0.18199876099242823
main,2,Dynamic-RRT,500,499,0.998,0.9887592932948532,0.9996468636054407,first_solution_nodes,499,378.9939879759519,190.5926130270788,329.0,255.5,455.0
main,2,Dynamic-RRT,500,499,0.998,0.9887592932948532,0.9996468636054407,first_solution_cost_mm,499,2470.592176799917,186.26407496107,2439.3830403676484,2330.172913115156,2590.943846651224
main,2,Dynamic-RRT,500,499,0.998,0.9887592932948532,0.9996468636054407,first_solution_efficiency,499,0.7770316864416124,0.05691944525754707,0.7826521204787656,0.7368698166513201,0.8193333319955254
main,2,Dynamic-RRT,500,499,0.998,0.9887592932948532,0.9996468636054407,fixed_budget_cost_mm,499,2470.35505018207,186.27888652126197,2439.3830403676484,2330.172913115156,2590.943846651224
main,2,Dynamic-RRT,500,499,0.998,0.9887592932948532,0.9996468636054407,fixed_budget_time_s,500,1.542043623110978,0.08502696425235876,1.539367270510411,1.4862362309795571,1.5979104452562751
main,2,Dynamic-RRT,500,499,0.998,0.9887592932948532,0.9996468636054407,total_nodes,500,3293.978,130.88259633751196,3309.5,3260.75,3362.0
main,2,Dynamic-RRT,500,499,0.998,0.9887592932948532,0.9996468636054407,collision_checks,500,4371.784,67.20582258389787,4361.5,4328.75,4399.0
main,2,Dynamic-RRT,500,499,0.998,0.9887592932948532,0.9996468636054407,fixed_budget_efficiency,499,0.7771080118400739,0.05693834183057644,0.7826521204787656,0.7368698166513201,0.8193333319955254
main,2,Dynamic-RRT,500,499,0.998,0.9887592932948532,0.9996468636054407,efficiency_all_runs,500,0.7755537958163938,0.06665786938629188,0.7826006208939118,0.7366486747660843,0.8192838757268937
main,2,Dynamic-RRT,500,499,0.998,0.9887592932948532,0.9996468636054407,first_attempt_capped,500,704.258,434.5899680349666,608.0,446.75,832.5
main,2,Dynamic-RRT,500,499,0.998,0.9887592932948532,0.9996468636054407,success,500,0.998,0.044721359549995794,1.0,1.0,1.0
main,2,SC-RRT,500,500,1.0,0.9923756595384479,1.0,first_solution_attempt,500,443.518,302.2448636307694,354.0,228.5,560.0
main,2,SC-RRT,500,500,1.0,0.9923756595384479,1.0,first_solution_time_s,500,0.031514907242497385,0.021325385821358775,0.0249586835270747,0.0169174202601425,0.03804487200977742
main,2,SC-RRT,500,500,1.0,0.9923756595384479,1.0,first_solution_nodes,500,194.454,96.34224171711055,166.5,126.0,229.25
main,2,SC-RRT,500,500,1.0,0.9923756595384479,1.0,first_solution_cost_mm,500,2269.7495504485255,179.14112634757484,2225.7823093512347,2129.436078408681,2376.2599994599213
main,2,SC-RRT,500,500,1.0,0.9923756595384479,1.0,first_solution_efficiency,500,0.8461251433950261,0.06348061735005847,0.8577605832881641,0.803442775575174,0.8965700081151777
main,2,SC-RRT,500,500,1.0,0.9923756595384479,1.0,fixed_budget_cost_mm,500,2022.9298440590435,73.62468094953834,2007.8751288242875,1967.1718441515397,2049.588233609906
main,2,SC-RRT,500,500,1.0,0.9923756595384479,1.0,fixed_budget_time_s,500,1.2410146164078033,0.1402921790949648,1.2465558889962267,1.1475992242485518,1.3314841725077713
main,2,SC-RRT,500,500,1.0,0.9923756595384479,1.0,total_nodes,500,3242.372,235.06130530246998,3289.5,3119.0,3407.0
main,2,SC-RRT,500,500,1.0,0.9923756595384479,1.0,collision_checks,500,15369.418,1257.0431568854528,15527.5,14519.0,16278.0
main,2,SC-RRT,500,500,1.0,0.9923756595384479,1.0,fixed_budget_efficiency,500,0.9449672358401282,0.032894399907399625,0.9508501219189842,0.9314985122746532,0.9705244193405856
main,2,SC-RRT,500,500,1.0,0.9923756595384479,1.0,efficiency_all_runs,500,0.9449672358401282,0.032894399907399625,0.9508501219189842,0.9314985122746532,0.9705244193405856
main,2,SC-RRT,500,500,1.0,0.9923756595384479,1.0,first_attempt_capped,500,443.518,302.2448636307694,354.0,228.5,560.0
main,2,SC-RRT,500,500,1.0,0.9923756595384479,1.0,success,500,1.0,0.0,1.0,1.0,1.0
main,3,RRT,500,499,0.998,0.9887592932948532,0.9996468636054407,first_solution_attempt,499,811.312625250501,554.2361095430425,659.0,581.0,773.0
main,3,RRT,500,499,0.998,0.9887592932948532,0.9996468636054407,first_solution_time_s,499,0.04937294320651757,0.03812622870549524,0.0394311379641294,0.0348632064997218,0.0461716020072344
main,3,RRT,500,499,0.998,0.9887592932948532,0.9996468636054407,first_solution_nodes,499,708.5531062124248,477.59169800719144,580.0,509.0,675.5
main,3,RRT,500,499,0.998,0.9887592932948532,0.9996468636054407,first_solution_cost_mm,499,3066.259222364949,125.54670710014085,3056.1053074194024,2974.2691917866696,3133.5393985124965
main,3,RRT,500,499,0.998,0.9887592932948532,0.9996468636054407,first_solution_efficiency,499,0.7638253454952231,0.03052345007830892,0.7651138802518671,0.7462068601583411,0.7861657572466327
main,3,RRT,500,499,0.998,0.9887592932948532,0.9996468636054407,fixed_budget_cost_mm,499,3066.259222364949,125.54670710014085,3056.1053074194024,2974.2691917866696,3133.5393985124965
main,3,RRT,500,499,0.998,0.9887592932948532,0.9996468636054407,fixed_budget_time_s,500,0.38370810261624866,0.020948478698751733,0.3822938295197673,0.36662919673835853,0.3989580190100241
main,3,RRT,500,499,0.998,0.9887592932948532,0.9996468636054407,total_nodes,500,4405.5,43.61360215099379,4408.0,4378.0,4436.0
main,3,RRT,500,499,0.998,0.9887592932948532,0.9996468636054407,collision_checks,500,4796.37,31.487712716299484,4791.0,4781.0,4803.0
main,3,RRT,500,499,0.998,0.9887592932948532,0.9996468636054407,fixed_budget_efficiency,499,0.7638253454952231,0.03052345007830892,0.7651138802518671,0.7462068601583411,0.7861657572466327
main,3,RRT,500,499,0.998,0.9887592932948532,0.9996468636054407,efficiency_all_runs,500,0.7622976948042327,0.045789433555385256,0.7650776491411507,0.7461686599069823,0.7861568586376827
main,3,RRT,500,499,0.998,0.9887592932948532,0.9996468636054407,first_attempt_capped,500,819.69,584.5102928648305,659.0,581.0,774.0
main,3,RRT,500,499,0.998,0.9887592932948532,0.9996468636054407,success,500,0.998,0.044721359549995794,1.0,1.0,1.0
main,3,RRT-Connect,500,500,1.0,0.9923756595384479,1.0,first_solution_attempt,500,189.16,60.57250578367902,174.5,145.0,215.0
main,3,RRT-Connect,500,500,1.0,0.9923756595384479,1.0,first_solution_time_s,500,0.011243356860242734,0.0031711567072769237,0.010547314479481401,0.00905759599118025,0.0124814240116393
main,3,RRT-Connect,500,500,1.0,0.9923756595384479,1.0,first_solution_nodes,500,116.91,21.8970514390282,112.0,101.0,127.0
main,3,RRT-Connect,500,500,1.0,0.9923756595384479,1.0,first_solution_cost_mm,500,2660.638901293506,130.24228229414317,2638.6217715207413,2566.4303540264445,2736.231195259641
main,3,RRT-Connect,500,500,1.0,0.9923756595384479,1.0,first_solution_efficiency,500,0.8808459419092732,0.04123812372078437,0.886170464774803,0.8545581240474341,0.9110976257199617
main,3,RRT-Connect,500,500,1.0,0.9923756595384479,1.0,fixed_budget_cost_mm,500,2606.499994016573,95.22651116651157,2595.696716515325,2540.9520104052976,2659.0167651328748
main,3,RRT-Connect,500,500,1.0,0.9923756595384479,1.0,fixed_budget_time_s,500,0.6650305881693493,0.03448739182642308,0.6590142315253615,0.6378382269758731,0.6903708554891637
main,3,RRT-Connect,500,500,1.0,0.9923756595384479,1.0,total_nodes,500,4686.464,68.43803206160248,4698.0,4654.0,4736.0
main,3,RRT-Connect,500,500,1.0,0.9923756595384479,1.0,collision_checks,500,5000.0,0.0,5000.0,5000.0,5000.0
main,3,RRT-Connect,500,500,1.0,0.9923756595384479,1.0,fixed_budget_efficiency,500,0.898251883131976,0.031877724140492864,0.9008250433641689,0.8793734378653232,0.9202332775717335
main,3,RRT-Connect,500,500,1.0,0.9923756595384479,1.0,efficiency_all_runs,500,0.898251883131976,0.031877724140492864,0.9008250433641689,0.8793734378653232,0.9202332775717335
main,3,RRT-Connect,500,500,1.0,0.9923756595384479,1.0,first_attempt_capped,500,189.16,60.57250578367902,174.5,145.0,215.0
main,3,RRT-Connect,500,500,1.0,0.9923756595384479,1.0,success,500,1.0,0.0,1.0,1.0,1.0
main,3,RRT*,500,499,0.998,0.9887592932948532,0.9996468636054407,first_solution_attempt,499,811.312625250501,554.2361095430425,659.0,581.0,773.0
main,3,RRT*,500,499,0.998,0.9887592932948532,0.9996468636054407,first_solution_time_s,499,0.1318047559687836,0.1262259658312176,0.1001015619840473,0.08639365850831375,0.11839383398182685
main,3,RRT*,500,499,0.998,0.9887592932948532,0.9996468636054407,first_solution_nodes,499,708.5531062124248,477.59169800719144,580.0,509.0,675.5
main,3,RRT*,500,499,0.998,0.9887592932948532,0.9996468636054407,first_solution_cost_mm,499,2501.3862395119777,76.61656258589497,2482.9614172669085,2447.477449374039,2534.591840786313
main,3,RRT*,500,499,0.998,0.9887592932948532,0.9996468636054407,first_solution_efficiency,499,0.9356320996583535,0.027605605006589012,0.941725704619207,0.9225424594637031,0.9553790159320508
main,3,RRT*,500,499,0.998,0.9887592932948532,0.9996468636054407,fixed_budget_cost_mm,499,2466.0959798492186,62.115881708236394,2452.148476805605,2422.766017144013,2493.1462599567135
main,3,RRT*,500,499,0.998,0.9887592932948532,0.9996468636054407,fixed_budget_time_s,500,1.3744758334633662,0.06919158449280609,1.367642163997516,1.3198261784709757,1.4253819637233391
main,3,RRT*,500,499,0.998,0.9887592932948532,0.9996468636054407,total_nodes,500,4405.5,43.61360215099379,4408.0,4378.0,4436.0
main,3,RRT*,500,499,0.998,0.9887592932948532,0.9996468636054407,collision_checks,500,18291.31,489.3926687932065,18273.0,17949.75,18602.25
main,3,RRT*,500,499,0.998,0.9887592932948532,0.9996468636054407,fixed_budget_efficiency,499,0.9487469559750328,0.023123767418263105,0.9535591389898334,0.9378786335647228,0.9651235711127136
main,3,RRT*,500,499,0.998,0.9887592932948532,0.9996468636054407,efficiency_all_runs,500,0.9468494620630827,0.04831023320371947,0.9535533203997966,0.9377854407051532,0.965118905563319
main,3,RRT*,500,499,0.998,0.9887592932948532,0.9996468636054407,first_attempt_capped,500,819.69,584.5102928648305,659.0,581.0,774.0
main,3,RRT*,500,499,0.998,0.9887592932948532,0.9996468636054407,success,500,0.998,0.044721359549995794,1.0,1.0,1.0
main,3,Informed-RRT*,500,499,0.998,0.9887592932948532,0.9996468636054407,first_solution_attempt,499,811.312625250501,554.2361095430425,659.0,581.0,773.0
main,3,Informed-RRT*,500,499,0.998,0.9887592932948532,0.9996468636054407,first_solution_time_s,499,0.13158303835659746,0.1255380274338855,0.101113982964307,0.085511547018541,0.11846319699543525
main,3,Informed-RRT*,500,499,0.998,0.9887592932948532,0.9996468636054407,first_solution_nodes,499,708.5531062124248,477.59169800719144,580.0,509.0,675.5
main,3,Informed-RRT*,500,499,0.998,0.9887592932948532,0.9996468636054407,first_solution_cost_mm,499,2501.3862395119777,76.61656258589497,2482.9614172669085,2447.477449374039,2534.591840786313
main,3,Informed-RRT*,500,499,0.998,0.9887592932948532,0.9996468636054407,first_solution_efficiency,499,0.9356320996583535,0.027605605006589012,0.941725704619207,0.9225424594637031,0.9553790159320508
main,3,Informed-RRT*,500,499,0.998,0.9887592932948532,0.9996468636054407,fixed_budget_cost_mm,499,2388.3292678038715,46.90508817344568,2372.26836695012,2362.1879253261304,2395.4695482373318
main,3,Informed-RRT*,500,499,0.998,0.9887592932948532,0.9996468636054407,fixed_budget_time_s,500,2.7590357312748672,0.6345367426748171,2.7412159829982556,2.329926616002922,3.17431300051976
main,3,Informed-RRT*,500,499,0.998,0.9887592932948532,0.9996468636054407,total_nodes,500,4258.758,122.66698747271518,4272.5,4203.75,4342.75
main,3,Informed-RRT*,500,499,0.998,0.9887592932948532,0.9996468636054407,collision_checks,500,28612.64,3166.565050466779,29057.0,27029.75,30728.75
main,3,Informed-RRT*,500,499,0.998,0.9887592932948532,0.9996468636054407,fixed_budget_efficiency,499,0.9793969404975078,0.01825139948323133,0.985667820215532,0.9761212008164251,0.9898740761465168
main,3,Informed-RRT*,500,499,0.998,0.9887592932948532,0.9996468636054407,efficiency_all_runs,500,0.9774381466165127,0.04744346904387874,0.9856099405858652,0.976026537617279,0.9898718179446707
main,3,Informed-RRT*,500,499,0.998,0.9887592932948532,0.9996468636054407,first_attempt_capped,500,819.69,584.5102928648305,659.0,581.0,774.0
main,3,Informed-RRT*,500,499,0.998,0.9887592932948532,0.9996468636054407,success,500,0.998,0.044721359549995794,1.0,1.0,1.0
main,3,Dynamic-RRT,500,498,0.996,0.9855342847848231,0.9989023694773173,first_solution_attempt,498,519.5381526104418,499.66786508901737,376.5,307.0,466.0
main,3,Dynamic-RRT,500,498,0.996,0.9855342847848231,0.9989023694773173,first_solution_time_s,498,0.15905360249794523,0.18045442458436053,0.11040264050825495,0.08782943351252465,0.13847237551817662
main,3,Dynamic-RRT,500,498,0.996,0.9855342847848231,0.9989023694773173,first_solution_nodes,498,419.82730923694777,383.3144060697332,312.0,268.0,375.0
main,3,Dynamic-RRT,500,498,0.996,0.9855342847848231,0.9989023694773173,first_solution_cost_mm,498,2916.093054494507,133.5825912504939,2892.534720650206,2831.3742653218133,2974.951183839913
main,3,Dynamic-RRT,500,498,0.996,0.9855342847848231,0.9989023694773173,first_solution_efficiency,498,0.8034302970095947,0.03472161111959497,0.8083804752127831,0.7859855411510879,0.8258422933016933
main,3,Dynamic-RRT,500,498,0.996,0.9855342847848231,0.9989023694773173,fixed_budget_cost_mm,498,2916.093054494507,133.5825912504939,2892.534720650206,2831.3742653218133,2974.951183839913
main,3,Dynamic-RRT,500,498,0.996,0.9855342847848231,0.9989023694773173,fixed_budget_time_s,500,1.882345518423128,0.08730407414238942,1.874108853022335,1.8121235540311316,1.9460901487036608
main,3,Dynamic-RRT,500,498,0.996,0.9855342847848231,0.9989023694773173,total_nodes,500,3947.03,46.83644312722326,3950.0,3917.0,3977.0
main,3,Dynamic-RRT,500,498,0.996,0.9855342847848231,0.9989023694773173,collision_checks,500,4337.492,88.07624416135796,4317.0,4300.0,4343.0
main,3,Dynamic-RRT,500,498,0.996,0.9855342847848231,0.9989023694773173,fixed_budget_efficiency,498,0.8034302970095947,0.03472161111959497,0.8083804752127831,0.7859855411510879,0.8258422933016933
main,3,Dynamic-RRT,500,498,0.996,0.9855342847848231,0.9989023694773173,efficiency_all_runs,500,0.8002165758215563,0.06146206042387686,0.8081469648449788,0.7856262655574391,0.8257412601687121
main,3,Dynamic-RRT,500,498,0.996,0.9855342847848231,0.9989023694773173,first_attempt_capped,500,537.46,573.414804024931,377.0,307.0,467.5
main,3,Dynamic-RRT,500,498,0.996,0.9855342847848231,0.9989023694773173,success,500,0.996,0.06318214912406725,1.0,1.0,1.0
main,3,SC-RRT,500,500,1.0,0.9923756595384479,1.0,first_solution_attempt,500,207.328,77.51305026847962,183.5,157.0,234.0
main,3,SC-RRT,500,500,1.0,0.9923756595384479,1.0,first_solution_time_s,500,0.019765653487760524,0.006199593453685519,0.0178111520071979,0.0155037840013392,0.022123937786091074
main,3,SC-RRT,500,500,1.0,0.9923756595384479,1.0,first_solution_nodes,500,155.222,36.29500476293512,145.0,131.0,167.0
main,3,SC-RRT,500,500,1.0,0.9923756595384479,1.0,first_solution_cost_mm,500,2641.3799422417756,102.07592532418853,2622.020279091987,2566.24504254633,2695.6770389083244
main,3,SC-RRT,500,500,1.0,0.9923756595384479,1.0,first_solution_efficiency,500,0.8865142390866677,0.0329536975236069,0.8917812771247255,0.8674142369650107,0.9111634124852005
main,3,SC-RRT,500,500,1.0,0.9923756595384479,1.0,fixed_budget_cost_mm,500,2570.907022559869,69.1280396002363,2556.951397816745,2519.977343367841,2608.8520053238476
main,3,SC-RRT,500,500,1.0,0.9923756595384479,1.0,fixed_budget_time_s,500,0.8968034394478891,0.0616608936537282,0.8910072739818133,0.8536507222452201,0.9344452812511008
main,3,SC-RRT,500,500,1.0,0.9923756595384479,1.0,total_nodes,500,3519.146,94.77940152748285,3536.0,3462.75,3591.0
main,3,SC-RRT,500,500,1.0,0.9923756595384479,1.0,collision_checks,500,9551.504,354.95289419611214,9505.0,9306.75,9744.5
main,3,SC-RRT,500,500,1.0,0.9923756595384479,1.0,fixed_budget_efficiency,500,0.9101524503486265,0.02391543886853709,0.9144751822280711,0.8962825739116944,0.9278927074231331
main,3,SC-RRT,500,500,1.0,0.9923756595384479,1.0,efficiency_all_runs,500,0.9101524503486265,0.02391543886853709,0.9144751822280711,0.8962825739116944,0.9278927074231331
main,3,SC-RRT,500,500,1.0,0.9923756595384479,1.0,first_attempt_capped,500,207.328,77.51305026847962,183.5,157.0,234.0
main,3,SC-RRT,500,500,1.0,0.9923756595384479,1.0,success,500,1.0,0.0,1.0,1.0,1.0
