dataset,dimension,reference,metric,environment_id,paired_n,reference_mean,sc_mean,reference_minus_sc,improvement_percent
matched_ssfor,2,SC-RRT-fixed-matched,fixed_budget_cost_mm,evaluation-2d-00,50,1993.749686418303,1985.0991047316693,8.650581686633814,0.43388504312064674
matched_ssfor,2,SC-RRT-fixed-matched,fixed_budget_cost_mm,evaluation-2d-01,50,2090.6140827653026,2101.7853985712463,-11.171315805943777,-0.534355713856439
matched_ssfor,2,SC-RRT-fixed-matched,fixed_budget_cost_mm,evaluation-2d-02,50,2084.6655459835138,2072.510890742444,12.154655241069577,0.5830506128183355
matched_ssfor,2,SC-RRT-fixed-matched,fixed_budget_cost_mm,evaluation-2d-03,50,1993.226473703254,1981.5677649709642,11.658708732289824,0.5849164099566109
matched_ssfor,2,SC-RRT-fixed-matched,fixed_budget_cost_mm,evaluation-2d-04,50,2061.1673853494667,2053.823782952828,7.343602396638744,0.35628365017010255
matched_ssfor,2,SC-RRT-fixed-matched,fixed_budget_cost_mm,evaluation-2d-05,50,2000.498077596404,1997.7227501484701,2.7753274479339325,0.13873182279027654
matched_ssfor,2,SC-RRT-fixed-matched,fixed_budget_cost_mm,evaluation-2d-06,50,1957.4628114155075,1953.0561110727247,4.4067003427828695,0.2251230683456119
matched_ssfor,2,SC-RRT-fixed-matched,fixed_budget_cost_mm,evaluation-2d-07,50,2095.294216091671,2081.877307142831,13.416908948840046,0.6403353212068927
matched_ssfor,2,SC-RRT-fixed-matched,fixed_budget_cost_mm,evaluation-2d-08,50,2035.0380492625548,2036.3574671961512,-1.319417933596469,-0.06483504984462536
matched_ssfor,2,SC-RRT-fixed-matched,fixed_budget_cost_mm,evaluation-2d-09,50,1974.9645467150722,1965.4978630611065,9.466683653965674,0.4793343591767995
matched_ssfor,2,SC-RRT-fixed-matched,fixed_budget_time_s,evaluation-2d-00,50,1.2536059188004582,1.2794456937396899,-0.02583977493923162,-2.0612358757812026
matched_ssfor,2,SC-RRT-fixed-matched,fixed_budget_time_s,evaluation-2d-01,50,1.2121976681775413,1.2241806251415983,-0.011982956964057045,-0.9885315966720697
matched_ssfor,2,SC-RRT-fixed-matched,fixed_budget_time_s,evaluation-2d-02,50,1.1170872317795875,1.1528565097565298,-0.03576927797694229,-3.2020129636572494
matched_ssfor,2,SC-RRT-fixed-matched,fixed_budget_time_s,evaluation-2d-03,50,1.2875514569389634,1.2904923430818598,-0.0029408861428963373,-0.22840921246658574
matched_ssfor,2,SC-RRT-fixed-matched,fixed_budget_time_s,evaluation-2d-04,50,1.2516318909014807,1.2713279028015676,-0.01969601190008685,-1.5736265625111958
matched_ssfor,2,SC-RRT-fixed-matched,fixed_budget_time_s,evaluation-2d-05,50,1.2335335793788544,1.248767544219736,-0.015233964840881464,-1.2349858241031852
matched_ssfor,2,SC-RRT-fixed-matched,fixed_budget_time_s,evaluation-2d-06,50,1.2643420254788362,1.2756325823400403,-0.01129055686120406,-0.8929986217082406
matched_ssfor,2,SC-RRT-fixed-matched,fixed_budget_time_s,evaluation-2d-07,50,1.144751993639511,1.1622376798000187,-0.01748568616050772,-1.5274650105579168
matched_ssfor,2,SC-RRT-fixed-matched,fixed_budget_time_s,evaluation-2d-08,50,1.239456731340033,1.2307012927997858,0.008755438540247296,0.7063932381714844
matched_ssfor,2,SC-RRT-fixed-matched,fixed_budget_time_s,evaluation-2d-09,50,1.231807009401964,1.262808815278113,-0.03100180587614898,-2.516774595332121
matched_ssfor,2,SC-RRT-fixed-matched,first_solution_time_s,evaluation-2d-00,50,0.01902102832042142,0.019040574040263842,-1.9545719842421067e-05,-0.10275848136683717
matched_ssfor,2,SC-RRT-fixed-matched,first_solution_time_s,evaluation-2d-01,50,0.03892558929801448,0.03871695530018765,0.00020863399782682784,0.5359816038481141
matched_ssfor,2,SC-RRT-fixed-matched,first_solution_time_s,evaluation-2d-02,50,0.06023619921819769,0.060389008980127945,-0.0001528097619302518,-0.2536842694485397
matched_ssfor,2,SC-RRT-fixed-matched,first_solution_time_s,evaluation-2d-03,50,0.019164502659114034,0.019096232662559443,6.82699965545916e-05,0.35623150659808295
matched_ssfor,2,SC-RRT-fixed-matched,first_solution_time_s,evaluation-2d-04,50,0.03463368988013822,0.03495723481930322,-0.00032354493916499777,-0.9341913618928164
matched_ssfor,2,SC-RRT-fixed-matched,first_solution_time_s,evaluation-2d-05,50,0.034600917042698666,0.033917277560685716,0.0006836394820129502,1.9757842867844129
matched_ssfor,2,SC-RRT-fixed-matched,first_solution_time_s,evaluation-2d-06,50,0.015673541439464266,0.015966210477636147,-0.0002926690381718812,-1.8672808522710287
matched_ssfor,2,SC-RRT-fixed-matched,first_solution_time_s,evaluation-2d-07,50,0.039859261222300074,0.03972367438138458,0.000135586840915497,0.34016395878316025
matched_ssfor,2,SC-RRT-fixed-matched,first_solution_time_s,evaluation-2d-08,50,0.028955533519620037,0.028858749940991354,9.678357862868275e-05,0.33424899100236916
matched_ssfor,2,SC-RRT-fixed-matched,first_solution_time_s,evaluation-2d-09,50,0.024716480141505556,0.024551539638196066,0.00016494050330949014,0.6673300662763509
matched_ssfor,2,SC-RRT-fixed-matched,first_attempt_capped,evaluation-2d-00,50,270.24,270.24,0.0,0.0
matched_ssfor,2,SC-RRT-fixed-matched,first_attempt_capped,evaluation-2d-01,50,547.58,547.58,0.0,0.0
matched_ssfor,2,SC-RRT-fixed-matched,first_attempt_capped,evaluation-2d-02,50,833.98,833.98,0.0,0.0
matched_ssfor,2,SC-RRT-fixed-matched,first_attempt_capped,evaluation-2d-03,50,262.02,262.02,0.0,0.0
matched_ssfor,2,SC-RRT-fixed-matched,first_attempt_capped,evaluation-2d-04,50,480.5,480.5,0.0,0.0
matched_ssfor,2,SC-RRT-fixed-matched,first_attempt_capped,evaluation-2d-05,50,475.94,475.94,0.0,0.0
matched_ssfor,2,SC-RRT-fixed-matched,first_attempt_capped,evaluation-2d-06,50,222.24,222.24,0.0,0.0
matched_ssfor,2,SC-RRT-fixed-matched,first_attempt_capped,evaluation-2d-07,50,586.78,586.78,0.0,0.0
matched_ssfor,2,SC-RRT-fixed-matched,first_attempt_capped,evaluation-2d-08,50,394.82,394.82,0.0,0.0
matched_ssfor,2,SC-RRT-fixed-matched,first_attempt_capped,evaluation-2d-09,50,361.08,361.08,0.0,0.0
matched_ssfor,2,SC-RRT-fixed-matched,total_nodes,evaluation-2d-00,50,3393.54,3315.5,78.03999999999996,2.2996634782557437
matched_ssfor,2,SC-RRT-fixed-matched,total_nodes,evaluation-2d-01,50,3306.68,3160.68,146.0,4.415304776996867
matched_ssfor,2,SC-RRT-fixed-matched,total_nodes,evaluation-2d-02,50,3119.4,3019.54,99.86000000000013,3.201256651920245
matched_ssfor,2,SC-RRT-fixed-matched,total_nodes,evaluation-2d-03,50,3415.82,3301.08,114.74000000000024,3.3590762979313964
matched_ssfor,2,SC-RRT-fixed-matched,total_nodes,evaluation-2d-04,50,3367.34,3239.6,127.74000000000024,3.793498725997382
matched_ssfor,2,SC-RRT-fixed-matched,total_nodes,evaluation-2d-05,50,3431.96,3316.72,115.24000000000024,3.3578479935663657
matched_ssfor,2,SC-RRT-fixed-matched,total_nodes,evaluation-2d-06,50,3470.4,3391.54,78.86000000000013,2.272360534808671
matched_ssfor,2,SC-RRT-fixed-matched,total_nodes,evaluation-2d-07,50,3215.38,3074.16,141.22000000000025,4.392015873707003
matched_ssfor,2,SC-RRT-fixed-matched,total_nodes,evaluation-2d-08,50,3413.66,3306.64,107.01999999999998,3.135051528271708
matched_ssfor,2,SC-RRT-fixed-matched,total_nodes,evaluation-2d-09,50,3377.72,3298.26,79.45999999999958,2.352474450220847
matched_ssfor,2,SC-RRT-fixed-matched,collision_checks,evaluation-2d-00,50,15781.7,15879.58,-97.8799999999992,-0.6202120177167174
matched_ssfor,2,SC-RRT-fixed-matched,collision_checks,evaluation-2d-01,50,15019.08,14820.04,199.03999999999905,1.3252476183627695
matched_ssfor,2,SC-RRT-fixed-matched,collision_checks,evaluation-2d-02,50,14206.86,14371.26,-164.39999999999964,-1.1571874432492446
matched_ssfor,2,SC-RRT-fixed-matched,collision_checks,evaluation-2d-03,50,15905.32,15846.42,58.899999999999636,0.37031634698327126
matched_ssfor,2,SC-RRT-fixed-matched,collision_checks,evaluation-2d-04,50,15354.16,15178.86,175.29999999999927,1.1417101293721004
matched_ssfor,2,SC-RRT-fixed-matched,collision_checks,evaluation-2d-05,50,15660.26,15624.6,35.659999999999854,0.2277101401892424
matched_ssfor,2,SC-RRT-fixed-matched,collision_checks,evaluation-2d-06,50,16176.98,16222.5,-45.52000000000044,-0.2813875024881062
matched_ssfor,2,SC-RRT-fixed-matched,collision_checks,evaluation-2d-07,50,14513.06,14382.32,130.73999999999978,0.9008437917296545
matched_ssfor,2,SC-RRT-fixed-matched,collision_checks,evaluation-2d-08,50,15590.18,15464.46,125.72000000000116,0.80640505754264
matched_ssfor,2,SC-RRT-fixed-matched,collision_checks,evaluation-2d-09,50,15672.84,15904.14,-231.29999999999927,-1.475801450151978
matched_ssfor,2,SC-RRT-fixed-matched,efficiency_all_runs,evaluation-2d-00,50,0.9577431709157663,0.9619006346990282,-0.004157463783261872,-0.43408962961193714
matched_ssfor,2,SC-RRT-fixed-matched,efficiency_all_runs,evaluation-2d-01,50,0.9143903437444737,0.9096972464643257,0.004693097280147995,0.513248779610853
matched_ssfor,2,SC-RRT-fixed-matched,efficiency_all_runs,evaluation-2d-02,50,0.9170883959059511,0.9225423241728373,-0.005453928266886177,-0.5947003899769642
matched_ssfor,2,SC-RRT-fixed-matched,efficiency_all_runs,evaluation-2d-03,50,0.9582695702213158,0.9637309919373959,-0.005461421716080106,-0.5699254036438589
matched_ssfor,2,SC-RRT-fixed-matched,efficiency_all_runs,evaluation-2d-04,50,0.9271196120670652,0.9304258307060184,-0.0033062186389531956,-0.35661187574080067
matched_ssfor,2,SC-RRT-fixed-matched,efficiency_all_runs,evaluation-2d-05,50,0.95468691916483,0.956301668217499,-0.0016147490526690067,-0.1691391198783373
matched_ssfor,2,SC-RRT-fixed-matched,efficiency_all_runs,evaluation-2d-06,50,0.9754479281235909,0.9776261679127076,-0.002178239789116687,-0.2233066190736427
matched_ssfor,2,SC-RRT-fixed-matched,efficiency_all_runs,evaluation-2d-07,50,0.9120114505272654,0.918081058262098,-0.0060696077348325606,-0.6655188080504373
matched_ssfor,2,SC-RRT-fixed-matched,efficiency_all_runs,evaluation-2d-08,50,0.9382850228046347,0.9378160650335623,0.0004689577710723647,0.0499803108516642
matched_ssfor,2,SC-RRT-fixed-matched,efficiency_all_runs,evaluation-2d-09,50,0.966985625768733,0.9715503709958092,-0.004564745227076172,-0.4720592639055308
matched_ssfor,3,SC-RRT-fixed-matched,fixed_budget_cost_mm,evaluation-3d-00,50,2563.060881329773,2557.488363359238,5.572517970535046,0.21741652768091482
matched_ssfor,3,SC-RRT-fixed-matched,fixed_budget_cost_mm,evaluation-3d-01,50,2630.1611756569946,2607.2859502294573,22.875225427537316,0.8697271345670767
matched_ssfor,3,SC-RRT-fixed-matched,fixed_budget_cost_mm,evaluation-3d-02,50,2574.534408530455,2563.2128285111476,11.321580019307476,0.4397525230890131
matched_ssfor,3,SC-RRT-fixed-matched,fixed_budget_cost_mm,evaluation-3d-03,50,2577.423070615608,2573.207817661033,4.215252954575135,0.1635452480670291
matched_ssfor,3,SC-RRT-fixed-matched,fixed_budget_cost_mm,evaluation-3d-04,50,2597.7122951809433,2589.841983266504,7.870311914439299,0.3029708843831412
matched_ssfor,3,SC-RRT-fixed-matched,fixed_budget_cost_mm,evaluation-3d-05,50,2571.9416348171926,2563.260580853173,8.681053964019611,0.33752919764979966
matched_ssfor,3,SC-RRT-fixed-matched,fixed_budget_cost_mm,evaluation-3d-06,50,2566.1630054283664,2558.911608388653,7.251397039713538,0.2825774132186537
matched_ssfor,3,SC-RRT-fixed-matched,fixed_budget_cost_mm,evaluation-3d-07,50,2612.157165960633,2601.53969080186,10.617475158772777,0.40646387197257905
matched_ssfor,3,SC-RRT-fixed-matched,fixed_budget_cost_mm,evaluation-3d-08,50,2562.9947888219062,2554.2877345579313,8.707054263974896,0.3397218871434826
matched_ssfor,3,SC-RRT-fixed-matched,fixed_budget_cost_mm,evaluation-3d-09,50,2546.0862657936786,2540.0336679696916,6.052597823987071,0.2377216320319895
matched_ssfor,3,SC-RRT-fixed-matched,fixed_budget_time_s,evaluation-3d-00,50,0.9064532224601135,0.8958739047427662,0.010579317717347325,1.1671112700813246
matched_ssfor,3,SC-RRT-fixed-matched,fixed_budget_time_s,evaluation-3d-01,50,0.8964689314411953,0.8964306561765261,3.827526466926301e-05,0.0042695584115481095
matched_ssfor,3,SC-RRT-fixed-matched,fixed_budget_time_s,evaluation-3d-02,50,0.906073867919622,0.9067602051014546,-0.0006863371818326414,-0.0757484799124045
matched_ssfor,3,SC-RRT-fixed-matched,fixed_budget_time_s,evaluation-3d-03,50,0.9190905518591171,0.9016838165791705,0.017406735279946628,1.893908630084016
matched_ssfor,3,SC-RRT-fixed-matched,fixed_budget_time_s,evaluation-3d-04,50,0.914935101857991,0.89165926918271,0.023275832675280994,2.5439872869686537
matched_ssfor,3,SC-RRT-fixed-matched,fixed_budget_time_s,evaluation-3d-05,50,0.953094394223881,0.9415584179805592,0.01153597624332181,1.2103707999159652
matched_ssfor,3,SC-RRT-fixed-matched,fixed_budget_time_s,evaluation-3d-06,50,0.9026412567001535,0.8976558739395114,0.0049853827606420875,0.5523105357345938
matched_ssfor,3,SC-RRT-fixed-matched,fixed_budget_time_s,evaluation-3d-07,50,0.8559469653805718,0.8467454706394346,0.009201494741137184,1.0750075779573571
matched_ssfor,3,SC-RRT-fixed-matched,fixed_budget_time_s,evaluation-3d-08,50,0.9268987917987397,0.9202304072189145,0.006668384579825215,0.7194296333998396
matched_ssfor,3,SC-RRT-fixed-matched,fixed_budget_time_s,evaluation-3d-09,50,0.9223332633392419,0.9287973108782899,-0.006464047539047946,-0.7008364325542507
matched_ssfor,3,SC-RRT-fixed-matched,first_solution_time_s,evaluation-3d-00,50,0.01659334200201551,0.016514444461790786,7.889754022472398e-05,0.47547709325306914
matched_ssfor,3,SC-RRT-fixed-matched,first_solution_time_s,evaluation-3d-01,50,0.025398138720774968,0.025322966377716468,7.51723430585001e-05,0.29597579525389084
matched_ssfor,3,SC-RRT-fixed-matched,first_solution_time_s,evaluation-3d-02,50,0.0208025424991501,0.021039609102299385,-0.00023706660314928504,-1.1396039842676469
matched_ssfor,3,SC-RRT-fixed-matched,first_solution_time_s,evaluation-3d-03,50,0.017171634661499367,0.017134112121420866,3.752254007850092e-05,0.21851466571572506
matched_ssfor,3,SC-RRT-fixed-matched,first_solution_time_s,evaluation-3d-04,50,0.022851710622198835,0.02371181550086471,-0.0008601048786658766,-3.7638533626027324
matched_ssfor,3,SC-RRT-fixed-matched,first_solution_time_s,evaluation-3d-05,50,0.017501014742883805,0.017563577642431428,-6.256289954762254e-05,-0.357481554451359
matched_ssfor,3,SC-RRT-fixed-matched,first_solution_time_s,evaluation-3d-06,50,0.017386379102827004,0.017568451178376517,-0.00018207207554951296,-1.0472110062290558
matched_ssfor,3,SC-RRT-fixed-matched,first_solution_time_s,evaluation-3d-07,50,0.025354538662359066,0.025428407377912614,-7.386871555354821e-05,-0.29134316556590517
matched_ssfor,3,SC-RRT-fixed-matched,first_solution_time_s,evaluation-3d-08,50,0.018940188919659654,0.018569897519191678,0.0003702914004679765,1.9550565310550791
matched_ssfor,3,SC-RRT-fixed-matched,first_solution_time_s,evaluation-3d-09,50,0.01675243392004627,0.0169183254387462,-0.00016589151869993157,-0.99025323419675
matched_ssfor,3,SC-RRT-fixed-matched,first_attempt_capped,evaluation-3d-00,50,164.68,164.68,0.0,0.0
matched_ssfor,3,SC-RRT-fixed-matched,first_attempt_capped,evaluation-3d-01,50,277.92,277.92,0.0,0.0
matched_ssfor,3,SC-RRT-fixed-matched,first_attempt_capped,evaluation-3d-02,50,219.82,219.82,0.0,0.0
matched_ssfor,3,SC-RRT-fixed-matched,first_attempt_capped,evaluation-3d-03,50,178.36,178.36,0.0,0.0
matched_ssfor,3,SC-RRT-fixed-matched,first_attempt_capped,evaluation-3d-04,50,238.5,238.5,0.0,0.0
matched_ssfor,3,SC-RRT-fixed-matched,first_attempt_capped,evaluation-3d-05,50,170.74,170.74,0.0,0.0
matched_ssfor,3,SC-RRT-fixed-matched,first_attempt_capped,evaluation-3d-06,50,179.1,179.1,0.0,0.0
matched_ssfor,3,SC-RRT-fixed-matched,first_attempt_capped,evaluation-3d-07,50,290.64,290.64,0.0,0.0
matched_ssfor,3,SC-RRT-fixed-matched,first_attempt_capped,evaluation-3d-08,50,187.54,187.54,0.0,0.0
matched_ssfor,3,SC-RRT-fixed-matched,first_attempt_capped,evaluation-3d-09,50,165.98,165.98,0.0,0.0
matched_ssfor,3,SC-RRT-fixed-matched,total_nodes,evaluation-3d-00,50,3673.58,3578.82,94.75999999999976,2.5795001061634637
matched_ssfor,3,SC-RRT-fixed-matched,total_nodes,evaluation-3d-01,50,3572.08,3435.08,137.0,3.835300441199525
matched_ssfor,3,SC-RRT-fixed-matched,total_nodes,evaluation-3d-02,50,3655.7,3529.96,125.73999999999978,3.4395601389610686
matched_ssfor,3,SC-RRT-fixed-matched,total_nodes,evaluation-3d-03,50,3674.22,3561.6,112.61999999999989,3.0651403563205224
matched_ssfor,3,SC-RRT-fixed-matched,total_nodes,evaluation-3d-04,50,3579.34,3447.78,131.55999999999995,3.6755379483368427
matched_ssfor,3,SC-RRT-fixed-matched,total_nodes,evaluation-3d-05,50,3694.58,3577.4,117.17999999999984,3.171673099513337
matched_ssfor,3,SC-RRT-fixed-matched,total_nodes,evaluation-3d-06,50,3657.14,3552.98,104.15999999999985,2.8481272250993905
matched_ssfor,3,SC-RRT-fixed-matched,total_nodes,evaluation-3d-07,50,3510.2,3362.8,147.39999999999964,4.199190929291768
matched_ssfor,3,SC-RRT-fixed-matched,total_nodes,evaluation-3d-08,50,3670.68,3551.68,119.0,3.241906131833884
matched_ssfor,3,SC-RRT-fixed-matched,total_nodes,evaluation-3d-09,50,3699.06,3593.36,105.69999999999982,2.85748271182408
matched_ssfor,3,SC-RRT-fixed-matched,collision_checks,evaluation-3d-00,50,9738.0,9538.62,199.3799999999992,2.047443006777564
matched_ssfor,3,SC-RRT-fixed-matched,collision_checks,evaluation-3d-01,50,9711.08,9570.62,140.45999999999913,1.4463890730999964
matched_ssfor,3,SC-RRT-fixed-matched,collision_checks,evaluation-3d-02,50,9801.28,9617.28,184.0,1.8773058212804856
matched_ssfor,3,SC-RRT-fixed-matched,collision_checks,evaluation-3d-03,50,9739.12,9508.56,230.5600000000013,2.3673596793139553
matched_ssfor,3,SC-RRT-fixed-matched,collision_checks,evaluation-3d-04,50,9681.28,9425.48,255.8000000000011,2.64221259998679
matched_ssfor,3,SC-RRT-fixed-matched,collision_checks,evaluation-3d-05,50,9896.58,9672.08,224.5,2.2684604176392247
matched_ssfor,3,SC-RRT-fixed-matched,collision_checks,evaluation-3d-06,50,9744.0,9561.08,182.92000000000007,1.8772577996715936
matched_ssfor,3,SC-RRT-fixed-matched,collision_checks,evaluation-3d-07,50,9554.76,9347.24,207.52000000000044,2.1719017536808924
matched_ssfor,3,SC-RRT-fixed-matched,collision_checks,evaluation-3d-08,50,9789.54,9597.74,191.8000000000011,1.959234039597377
matched_ssfor,3,SC-RRT-fixed-matched,collision_checks,evaluation-3d-09,50,9861.46,9676.34,185.11999999999898,1.8772068233304096
matched_ssfor,3,SC-RRT-fixed-matched,efficiency_all_runs,evaluation-3d-00,50,0.9126003971290992,0.9145938267430485,-0.001993429613949216,-0.21843400684683453
matched_ssfor,3,SC-RRT-fixed-matched,efficiency_all_runs,evaluation-3d-01,50,0.8899895572719555,0.8976163947894633,-0.007626837517507812,-0.8569580907090651
matched_ssfor,3,SC-RRT-fixed-matched,efficiency_all_runs,evaluation-3d-02,50,0.9088178336824536,0.9128703104813303,-0.004052476798876659,-0.44590639055313896
matched_ssfor,3,SC-RRT-fixed-matched,efficiency_all_runs,evaluation-3d-03,50,0.9079034256588205,0.9094356564391292,-0.0015322307803086188,-0.16876583312776408
matched_ssfor,3,SC-RRT-fixed-matched,efficiency_all_runs,evaluation-3d-04,50,0.9008455847141262,0.9036401681727071,-0.002794583458580857,-0.3102178115761858
matched_ssfor,3,SC-RRT-fixed-matched,efficiency_all_runs,evaluation-3d-05,50,0.9095946462748715,0.9127550757248747,-0.003160429450003166,-0.34745471105687575
matched_ssfor,3,SC-RRT-fixed-matched,efficiency_all_runs,evaluation-3d-06,50,0.9115762066342477,0.9141417426303426,-0.002565535996094992,-0.2814395524393457
matched_ssfor,3,SC-RRT-fixed-matched,efficiency_all_runs,evaluation-3d-07,50,0.8961782034971457,0.8997765333982858,-0.0035983299011400627,-0.40151946198851324
matched_ssfor,3,SC-RRT-fixed-matched,efficiency_all_runs,evaluation-3d-08,50,0.9125978394757651,0.9157345636727651,-0.0031367241969999515,-0.34371374348221323
matched_ssfor,3,SC-RRT-fixed-matched,efficiency_all_runs,evaluation-3d-09,50,0.9187224301488687,0.9209602314343168,-0.002237801285448149,-0.24357751721437107
