scenario,dimension,algorithm,short_name,trial_id,success,iterations,path_length,planning_time,tree_nodes,first_solution_iter,convergence_time,effective_sampling_ratio,smoothness,clearance
2D_HighDensity,2D,Informed-RRT*,IRRT,1,False,600,inf,2.5119104385375977,1034,inf,inf,0.2941666666666667,inf,0.0
2D_HighDensity,2D,Informed-RRT*,IRRT,2,False,600,inf,2.4889678955078125,1073,inf,inf,0.2891666666666667,inf,0.0
2D_HighDensity,2D,Informed-RRT*,IRRT,3,False,600,inf,3.006171703338623,1086,inf,inf,0.3025,inf,0.0
2D_HighDensity,2D,Informed-RRT*,IRRT,4,False,600,inf,2.597395658493042,1076,inf,inf,0.3258333333333333,inf,0.0
2D_HighDensity,2D,Informed-RRT*,IRRT,5,False,600,inf,2.7447633743286133,1056,inf,inf,0.285,inf,0.0
2D_HighDensity,2D,Informed-RRT*,IRRT,6,False,600,inf,2.7185516357421875,1078,inf,inf,0.295,inf,0.0
2D_HighDensity,2D,Informed-RRT*,IRRT,7,False,600,inf,2.6229088306427,1052,inf,inf,0.30083333333333334,inf,0.0
2D_HighDensity,2D,Informed-RRT*,IRRT,8,False,600,inf,2.5905590057373047,1071,inf,inf,0.2808333333333333,inf,0.0
2D_HighDensity,2D,Informed-RRT*,IRRT,9,False,600,inf,2.5783803462982178,1093,inf,inf,0.3075,inf,0.0
2D_HighDensity,2D,Informed-RRT*,IRRT,10,False,600,inf,2.630276679992676,991,inf,inf,0.3325,inf,0.0
2D_HighDensity,2D,Informed-RRT*,IRRT,11,True,600,2384.433065709132,2.7615091800689697,1081,452.0,1.9454779624938965,0.31833333333333336,34.08883880730524,30.506829885056092
2D_HighDensity,2D,Informed-RRT*,IRRT,12,False,600,inf,2.5536839962005615,1085,inf,inf,0.30583333333333335,inf,0.0
2D_HighDensity,2D,Informed-RRT*,IRRT,13,False,600,inf,2.484949827194214,1042,inf,inf,0.2941666666666667,inf,0.0
2D_HighDensity,2D,Informed-RRT*,IRRT,14,False,600,inf,2.5571932792663574,1034,inf,inf,0.2966666666666667,inf,0.0
2D_HighDensity,2D,Informed-RRT*,IRRT,15,False,600,inf,2.5911269187927246,1084,inf,inf,0.305,inf,0.0
2D_HighDensity,2D,Informed-RRT*,IRRT,16,False,600,inf,2.4695188999176025,1036,inf,inf,0.31083333333333335,inf,0.0
2D_HighDensity,2D,Informed-RRT*,IRRT,17,False,600,inf,2.5454180240631104,1016,inf,inf,0.3275,inf,0.0
2D_HighDensity,2D,Informed-RRT*,IRRT,18,False,600,inf,2.5857229232788086,1058,inf,inf,0.3075,inf,0.0
2D_HighDensity,2D,Informed-RRT*,IRRT,19,False,600,inf,2.232621192932129,897,inf,inf,0.2941666666666667,inf,0.0
2D_HighDensity,2D,Informed-RRT*,IRRT,20,False,600,inf,2.6513407230377197,1051,inf,inf,0.31416666666666665,inf,0.0
2D_HighDensity,2D,Informed-RRT*,IRRT,21,False,600,inf,2.570621967315674,1058,inf,inf,0.31833333333333336,inf,0.0
2D_HighDensity,2D,Informed-RRT*,IRRT,22,False,600,inf,2.670520305633545,1079,inf,inf,0.30083333333333334,inf,0.0
2D_HighDensity,2D,Informed-RRT*,IRRT,23,False,600,inf,2.7340338230133057,1043,inf,inf,0.31666666666666665,inf,0.0
2D_HighDensity,2D,Informed-RRT*,IRRT,24,False,600,inf,2.402094841003418,983,inf,inf,0.3075,inf,0.0
2D_HighDensity,2D,Informed-RRT*,IRRT,25,False,600,inf,2.652961492538452,1088,inf,inf,0.2733333333333333,inf,0.0
2D_HighDensity,2D,Informed-RRT*,IRRT,26,False,600,inf,2.4261314868927,996,inf,inf,0.325,inf,0.0
2D_HighDensity,2D,Informed-RRT*,IRRT,27,False,600,inf,2.548537015914917,1072,inf,inf,0.31833333333333336,inf,0.0
2D_HighDensity,2D,Informed-RRT*,IRRT,28,False,600,inf,2.565725088119507,1003,inf,inf,0.30416666666666664,inf,0.0
2D_HighDensity,2D,Informed-RRT*,IRRT,29,False,600,inf,2.4165735244750977,1027,inf,inf,0.29083333333333333,inf,0.0
2D_HighDensity,2D,Informed-RRT*,IRRT,30,False,600,inf,2.585130214691162,1025,inf,inf,0.3,inf,0.0
2D_HighDensity,2D,SC-RRT_Static,SC-Static,1,False,600,inf,2.552841901779175,1050,inf,inf,0.2966666666666667,inf,0.0
2D_HighDensity,2D,SC-RRT_Static,SC-Static,2,False,600,inf,2.482811450958252,993,inf,inf,0.3125,inf,0.0
2D_HighDensity,2D,SC-RRT_Static,SC-Static,3,False,600,inf,2.7501001358032227,1090,inf,inf,0.3075,inf,0.0
2D_HighDensity,2D,SC-RRT_Static,SC-Static,4,False,600,inf,2.6322133541107178,1061,inf,inf,0.2941666666666667,inf,0.0
2D_HighDensity,2D,SC-RRT_Static,SC-Static,5,False,600,inf,2.5141587257385254,1054,inf,inf,0.2916666666666667,inf,0.0
2D_HighDensity,2D,SC-RRT_Static,SC-Static,6,False,600,inf,2.6753275394439697,1028,inf,inf,0.31416666666666665,inf,0.0
2D_HighDensity,2D,SC-RRT_Static,SC-Static,7,False,600,inf,2.7351326942443848,1070,inf,inf,0.27416666666666667,inf,0.0
2D_HighDensity,2D,SC-RRT_Static,SC-Static,8,False,600,inf,2.627643585205078,1030,inf,inf,0.295,inf,0.0
2D_HighDensity,2D,SC-RRT_Static,SC-Static,9,False,600,inf,2.6149890422821045,1105,inf,inf,0.30416666666666664,inf,0.0
2D_HighDensity,2D,SC-RRT_Static,SC-Static,10,False,600,inf,2.499484062194824,990,inf,inf,0.29333333333333333,inf,0.0
2D_HighDensity,2D,SC-RRT_Static,SC-Static,11,False,600,inf,2.6761913299560547,1047,inf,inf,0.30666666666666664,inf,0.0
2D_HighDensity,2D,SC-RRT_Static,SC-Static,12,False,600,inf,2.734055519104004,1013,inf,inf,0.32166666666666666,inf,0.0
2D_HighDensity,2D,SC-RRT_Static,SC-Static,13,True,600,2427.358552773477,2.5986485481262207,1019,486.0,1.8951518535614014,0.2941666666666667,33.727886297096674,30.4850410072115
2D_HighDensity,2D,SC-RRT_Static,SC-Static,14,False,600,inf,2.7379534244537354,997,inf,inf,0.3125,inf,0.0
2D_HighDensity,2D,SC-RRT_Static,SC-Static,15,False,600,inf,2.4252994060516357,1003,inf,inf,0.29,inf,0.0
2D_HighDensity,2D,SC-RRT_Static,SC-Static,16,False,600,inf,2.4366118907928467,1029,inf,inf,0.30583333333333335,inf,0.0
2D_HighDensity,2D,SC-RRT_Static,SC-Static,17,False,600,inf,2.6980628967285156,1073,inf,inf,0.30583333333333335,inf,0.0
2D_HighDensity,2D,SC-RRT_Static,SC-Static,18,False,600,inf,2.489504814147949,1010,inf,inf,0.30416666666666664,inf,0.0
2D_HighDensity,2D,SC-RRT_Static,SC-Static,19,False,600,inf,2.588216543197632,1026,inf,inf,0.29833333333333334,inf,0.0
2D_HighDensity,2D,SC-RRT_Static,SC-Static,20,False,600,inf,2.6803531646728516,1072,inf,inf,0.31666666666666665,inf,0.0
2D_HighDensity,2D,SC-RRT_Static,SC-Static,21,False,600,inf,2.8089563846588135,1145,inf,inf,0.30333333333333334,inf,0.0
2D_HighDensity,2D,SC-RRT_Static,SC-Static,22,False,600,inf,2.535496950149536,1114,inf,inf,0.3025,inf,0.0
2D_HighDensity,2D,SC-RRT_Static,SC-Static,23,False,600,inf,2.5593502521514893,1057,inf,inf,0.3225,inf,0.0
2D_HighDensity,2D,SC-RRT_Static,SC-Static,24,False,600,inf,2.7184457778930664,1068,inf,inf,0.3175,inf,0.0
2D_HighDensity,2D,SC-RRT_Static,SC-Static,25,False,600,inf,2.417644739151001,1059,inf,inf,0.29083333333333333,inf,0.0
2D_HighDensity,2D,SC-RRT_Static,SC-Static,26,False,600,inf,2.42575740814209,1025,inf,inf,0.32083333333333336,inf,0.0
2D_HighDensity,2D,SC-RRT_Static,SC-Static,27,False,600,inf,2.6113600730895996,1090,inf,inf,0.2925,inf,0.0
2D_HighDensity,2D,SC-RRT_Static,SC-Static,28,False,600,inf,2.4763083457946777,1036,inf,inf,0.2966666666666667,inf,0.0
2D_HighDensity,2D,SC-RRT_Static,SC-Static,29,False,600,inf,2.5470783710479736,1041,inf,inf,0.30583333333333335,inf,0.0
2D_HighDensity,2D,SC-RRT_Static,SC-Static,30,False,600,inf,2.4595842361450195,1038,inf,inf,0.30666666666666664,inf,0.0
2D_HighDensity,2D,SC-RRT_Adaptive,SC-Adaptive,1,False,600,inf,0.0,0,inf,inf,0.0,inf,0.0
2D_HighDensity,2D,SC-RRT_Adaptive,SC-Adaptive,2,False,600,inf,0.0,0,inf,inf,0.0,inf,0.0
2D_HighDensity,2D,SC-RRT_Adaptive,SC-Adaptive,3,False,600,inf,0.0,0,inf,inf,0.0,inf,0.0
2D_HighDensity,2D,SC-RRT_Adaptive,SC-Adaptive,4,False,600,inf,0.0,0,inf,inf,0.0,inf,0.0
2D_HighDensity,2D,SC-RRT_Adaptive,SC-Adaptive,5,False,600,inf,0.0,0,inf,inf,0.0,inf,0.0
2D_HighDensity,2D,SC-RRT_Adaptive,SC-Adaptive,6,False,600,inf,0.0,0,inf,inf,0.0,inf,0.0
2D_HighDensity,2D,SC-RRT_Adaptive,SC-Adaptive,7,False,600,inf,0.0,0,inf,inf,0.0,inf,0.0
2D_HighDensity,2D,SC-RRT_Adaptive,SC-Adaptive,8,False,600,inf,0.0,0,inf,inf,0.0,inf,0.0
2D_HighDensity,2D,SC-RRT_Adaptive,SC-Adaptive,9,False,600,inf,0.0,0,inf,inf,0.0,inf,0.0
2D_HighDensity,2D,SC-RRT_Adaptive,SC-Adaptive,10,False,600,inf,0.0,0,inf,inf,0.0,inf,0.0
2D_HighDensity,2D,SC-RRT_Adaptive,SC-Adaptive,11,False,600,inf,0.0,0,inf,inf,0.0,inf,0.0
2D_HighDensity,2D,SC-RRT_Adaptive,SC-Adaptive,12,False,600,inf,0.0,0,inf,inf,0.0,inf,0.0
2D_HighDensity,2D,SC-RRT_Adaptive,SC-Adaptive,13,False,600,inf,0.0,0,inf,inf,0.0,inf,0.0
2D_HighDensity,2D,SC-RRT_Adaptive,SC-Adaptive,14,False,600,inf,0.0,0,inf,inf,0.0,inf,0.0
2D_HighDensity,2D,SC-RRT_Adaptive,SC-Adaptive,15,False,600,inf,0.0,0,inf,inf,0.0,inf,0.0
2D_HighDensity,2D,SC-RRT_Adaptive,SC-Adaptive,16,False,600,inf,0.0,0,inf,inf,0.0,inf,0.0
2D_HighDensity,2D,SC-RRT_Adaptive,SC-Adaptive,17,False,600,inf,0.0,0,inf,inf,0.0,inf,0.0
2D_HighDensity,2D,SC-RRT_Adaptive,SC-Adaptive,18,False,600,inf,0.0,0,inf,inf,0.0,inf,0.0
2D_HighDensity,2D,SC-RRT_Adaptive,SC-Adaptive,19,False,600,inf,0.0,0,inf,inf,0.0,inf,0.0
2D_HighDensity,2D,SC-RRT_Adaptive,SC-Adaptive,20,False,600,inf,0.0,0,inf,inf,0.0,inf,0.0
2D_HighDensity,2D,SC-RRT_Adaptive,SC-Adaptive,21,False,600,inf,0.0,0,inf,inf,0.0,inf,0.0
2D_HighDensity,2D,SC-RRT_Adaptive,SC-Adaptive,22,False,600,inf,0.0,0,inf,inf,0.0,inf,0.0
2D_HighDensity,2D,SC-RRT_Adaptive,SC-Adaptive,23,False,600,inf,0.0,0,inf,inf,0.0,inf,0.0
2D_HighDensity,2D,SC-RRT_Adaptive,SC-Adaptive,24,False,600,inf,0.0,0,inf,inf,0.0,inf,0.0
2D_HighDensity,2D,SC-RRT_Adaptive,SC-Adaptive,25,False,600,inf,0.0,0,inf,inf,0.0,inf,0.0
2D_HighDensity,2D,SC-RRT_Adaptive,SC-Adaptive,26,False,600,inf,0.0,0,inf,inf,0.0,inf,0.0
2D_HighDensity,2D,SC-RRT_Adaptive,SC-Adaptive,27,False,600,inf,0.0,0,inf,inf,0.0,inf,0.0
2D_HighDensity,2D,SC-RRT_Adaptive,SC-Adaptive,28,False,600,inf,0.0,0,inf,inf,0.0,inf,0.0
2D_HighDensity,2D,SC-RRT_Adaptive,SC-Adaptive,29,False,600,inf,0.0,0,inf,inf,0.0,inf,0.0
2D_HighDensity,2D,SC-RRT_Adaptive,SC-Adaptive,30,False,600,inf,0.0,0,inf,inf,0.0,inf,0.0
3D_HighDensity,3D,Informed-RRT*,IRRT,1,True,800,2627.4685115866605,19.82982110977173,1602,800.0,19.817257404327393,0.278125,54.632356157731294,128.06213691844593
3D_HighDensity,3D,Informed-RRT*,IRRT,2,True,800,3088.635629239881,18.72136163711548,1599,800.0,18.709501028060913,0.2925,47.434327219648225,105.8565968103638
3D_HighDensity,3D,Informed-RRT*,IRRT,3,True,800,2665.341679301884,18.47738218307495,1595,800.0,18.466409921646118,0.3,44.57369884722472,90.41438212195467
3D_HighDensity,3D,Informed-RRT*,IRRT,4,True,800,2914.6777022232445,17.884640216827393,1601,800.0,17.873275995254517,0.290625,44.619981677718236,94.99505829040123
3D_HighDensity,3D,Informed-RRT*,IRRT,5,True,800,3142.6562075124557,17.518871068954468,1602,800.0,17.506786823272705,0.296875,45.98960608860634,89.83699573086906
3D_HighDensity,3D,Informed-RRT*,IRRT,6,True,800,2666.109308824024,18.732094049453735,1597,800.0,18.72010087966919,0.30125,44.141236460642894,86.73643247509295
3D_HighDensity,3D,Informed-RRT*,IRRT,7,True,800,2685.3105933923407,19.386807918548584,1602,800.0,19.375166177749634,0.299375,47.3204586469156,94.54335350726649
3D_HighDensity,3D,Informed-RRT*,IRRT,8,True,800,3216.196211119226,18.44380497932434,1602,800.0,18.431811809539795,0.300625,47.15696647592851,92.58043103814123
3D_HighDensity,3D,Informed-RRT*,IRRT,9,True,800,2637.929233346211,19.19898223876953,1602,800.0,19.185976266860962,0.3075,42.7182490089576,95.08768998503854
3D_HighDensity,3D,Informed-RRT*,IRRT,10,True,800,2636.435826826843,19.23815655708313,1599,800.0,19.22615909576416,0.29,46.382598291210066,133.6615608880204
3D_HighDensity,3D,Informed-RRT*,IRRT,11,True,800,3030.9164480525837,17.91148805618286,1602,800.0,17.900482416152954,0.29875,44.63744001942305,80.25925274603317
3D_HighDensity,3D,Informed-RRT*,IRRT,12,True,800,2861.2413304347174,19.171769618988037,1596,800.0,19.15976858139038,0.295,40.68838710604292,100.99613422811068
3D_HighDensity,3D,Informed-RRT*,IRRT,13,True,800,2842.5147742232202,18.140241861343384,1598,800.0,18.127050161361694,0.289375,46.42378316391388,89.61675307721373
3D_HighDensity,3D,Informed-RRT*,IRRT,14,True,800,2955.225022915182,18.53332233428955,1601,800.0,18.52167248725891,0.288125,47.39513840384159,114.19294872343576
3D_HighDensity,3D,Informed-RRT*,IRRT,15,True,800,2685.9619251565005,17.1001615524292,1599,800.0,17.087124586105347,0.318125,43.03370815463571,90.01609001801373
3D_HighDensity,3D,Informed-RRT*,IRRT,16,True,800,3154.4548708701786,18.35917592048645,1600,800.0,18.347166538238525,0.286875,41.249997849957026,76.98095449876473
3D_HighDensity,3D,Informed-RRT*,IRRT,17,True,800,2697.1919570815517,18.79717707633972,1602,800.0,18.785176992416382,0.306875,40.46024463596869,93.46319448938274
3D_HighDensity,3D,Informed-RRT*,IRRT,18,True,800,2704.8969615113933,18.525906801223755,1595,800.0,18.513977527618408,0.28625,44.60150890619854,79.21823297414474
3D_HighDensity,3D,Informed-RRT*,IRRT,19,True,800,2753.745408453905,18.63293170928955,1601,800.0,18.61992883682251,0.290625,46.90300656166815,78.48850514307705
3D_HighDensity,3D,Informed-RRT*,IRRT,20,True,800,2662.186551842734,17.31638765335083,1602,800.0,17.304362058639526,0.29125,36.9516372159148,74.7137947261354
3D_HighDensity,3D,Informed-RRT*,IRRT,21,True,800,2815.9305668590096,19.476869106292725,1587,800.0,19.46586847305298,0.290625,43.90498392500727,88.4633713788907
3D_HighDensity,3D,Informed-RRT*,IRRT,22,True,800,2589.936610407415,19.31352424621582,1591,800.0,19.30219292640686,0.295625,42.914736580962185,80.4299636319446
3D_HighDensity,3D,Informed-RRT*,IRRT,23,True,800,3141.9826690394016,19.409621477127075,1602,800.0,19.397045135498047,0.301875,45.613409142404606,120.78220256625829
3D_HighDensity,3D,Informed-RRT*,IRRT,24,True,800,2942.855639426206,18.675732612609863,1602,800.0,18.663732767105103,0.31625,42.50285597807983,91.3410806546212
3D_HighDensity,3D,Informed-RRT*,IRRT,25,True,800,2843.5910389154697,18.88267993927002,1602,800.0,18.870670080184937,0.28875,43.69025095754836,96.6949336608883
3D_HighDensity,3D,Informed-RRT*,IRRT,26,True,800,2687.7694286268343,19.575289249420166,1602,800.0,19.563304662704468,0.295,43.48231167676365,95.80212922335276
3D_HighDensity,3D,Informed-RRT*,IRRT,27,True,800,2575.4517191018094,19.259384632110596,1602,800.0,19.247312545776367,0.293125,41.27796005726392,76.41321555262908
3D_HighDensity,3D,Informed-RRT*,IRRT,28,True,800,2636.0633295065345,18.884679079055786,1602,800.0,18.873616456985474,0.3025,45.13452666125212,86.32818249867535
3D_HighDensity,3D,Informed-RRT*,IRRT,29,True,800,3087.806476959674,17.76643943786621,1602,800.0,17.75443983078003,0.295,42.70964655993965,84.3307555551025
3D_HighDensity,3D,Informed-RRT*,IRRT,30,True,800,3064.616397391322,18.45498251914978,1599,800.0,18.44297742843628,0.303125,41.860137138794585,131.93163678721552
3D_HighDensity,3D,SC-RRT_Static,SC-Static,1,True,800,2791.3410243665885,17.44230031967163,1602,800.0,17.429338216781616,0.313125,48.36010144607532,92.28454044401833
3D_HighDensity,3D,SC-RRT_Static,SC-Static,2,True,800,2770.7859912588574,18.307982921600342,1602,800.0,18.295977115631104,0.285625,42.80092441146383,96.80036253258488
3D_HighDensity,3D,SC-RRT_Static,SC-Static,3,True,800,2849.8528133205655,19.0048565864563,1599,800.0,18.991872549057007,0.290625,45.38372914412197,137.72763357489035
3D_HighDensity,3D,SC-RRT_Static,SC-Static,4,True,800,2965.6729255312357,18.001546382904053,1601,800.0,17.989546537399292,0.298125,40.653100844729586,99.01677684886492
3D_HighDensity,3D,SC-RRT_Static,SC-Static,5,True,800,2783.74823334746,18.63671350479126,1599,800.0,18.626067876815796,0.296875,42.58201820709663,96.0836827687719
3D_HighDensity,3D,SC-RRT_Static,SC-Static,6,True,800,2588.1741135585357,18.883163928985596,1600,800.0,18.871166467666626,0.30875,43.164389879706256,117.01302228249456
3D_HighDensity,3D,SC-RRT_Static,SC-Static,7,True,800,2819.642619599622,17.138049840927124,1602,800.0,17.126047134399414,0.288125,42.696476883946026,81.04026472081699
3D_HighDensity,3D,SC-RRT_Static,SC-Static,8,True,800,2982.9325138177605,19.02251696586609,1601,800.0,19.01151394844055,0.30375,46.76228336440483,98.40823490257688
3D_HighDensity,3D,SC-RRT_Static,SC-Static,9,True,800,2854.6159192719283,17.700523614883423,1590,800.0,17.688533544540405,0.285,40.55985398758836,97.25442362598962
3D_HighDensity,3D,SC-RRT_Static,SC-Static,10,True,800,2807.484896015976,18.71276021003723,1602,800.0,18.701125621795654,0.298125,43.65995191734119,90.44238487176582
3D_HighDensity,3D,SC-RRT_Static,SC-Static,11,True,800,2927.157389780481,18.76231622695923,1600,800.0,18.75132727622986,0.293125,43.511399237326934,88.63902130592791
3D_HighDensity,3D,SC-RRT_Static,SC-Static,12,True,800,2504.768088802596,19.03533101081848,1599,800.0,19.024329900741577,0.305625,41.645395976242476,55.94877690560044
3D_HighDensity,3D,SC-RRT_Static,SC-Static,13,True,800,2855.447979289792,18.51672863960266,1601,800.0,18.504727125167847,0.30125,41.939857459290856,87.55892902512278
3D_HighDensity,3D,SC-RRT_Static,SC-Static,14,True,800,2721.22273620307,19.425349712371826,1602,800.0,19.41341519355774,0.3275,47.889043881695265,120.75622941586077
3D_HighDensity,3D,SC-RRT_Static,SC-Static,15,True,800,2930.4264009510125,17.81576371192932,1602,800.0,17.80374503135681,0.30625,48.302183815545796,103.69280765511444
3D_HighDensity,3D,SC-RRT_Static,SC-Static,16,True,800,2802.0317005712345,18.30169987678528,1600,800.0,18.290113925933838,0.29375,37.5449250891004,91.04438946880096
3D_HighDensity,3D,SC-RRT_Static,SC-Static,17,True,800,2729.182434176945,18.29622983932495,1601,800.0,18.284172534942627,0.3,53.12516885287854,145.49298903702646
3D_HighDensity,3D,SC-RRT_Static,SC-Static,18,True,800,2877.2699574349363,19.337262630462646,1600,800.0,19.326203107833862,0.284375,45.72970837689157,78.57156097429362
3D_HighDensity,3D,SC-RRT_Static,SC-Static,19,True,800,3019.4612798760613,19.176801443099976,1602,800.0,19.16586399078369,0.289375,45.51872788641719,82.85734867348755
3D_HighDensity,3D,SC-RRT_Static,SC-Static,20,True,800,2645.634177703655,18.418533325195312,1601,800.0,18.407469272613525,0.311875,42.90058777978338,93.52743163338847
3D_HighDensity,3D,SC-RRT_Static,SC-Static,21,True,800,3126.244755729759,17.65773868560791,1602,800.0,17.643669843673706,0.308125,43.09872054619325,86.88182609152294
3D_HighDensity,3D,SC-RRT_Static,SC-Static,22,True,800,2909.377744852606,18.353065729141235,1602,800.0,18.340059280395508,0.281875,44.93550082044259,81.16192056500873
3D_HighDensity,3D,SC-RRT_Static,SC-Static,23,True,800,2855.3782473347583,17.51520323753357,1591,800.0,17.50320553779602,0.29125,46.16128819991524,85.42022388952795
3D_HighDensity,3D,SC-RRT_Static,SC-Static,24,True,800,2935.1263119374416,17.18707013130188,1600,800.0,17.176069021224976,0.315625,43.56026142913135,97.0987891916396
3D_HighDensity,3D,SC-RRT_Static,SC-Static,25,True,800,2609.3773074224873,18.06727361679077,1602,800.0,18.056273460388184,0.31375,47.54316401040307,107.01002828007555
3D_HighDensity,3D,SC-RRT_Static,SC-Static,26,True,800,3019.876393396832,17.256529569625854,1602,800.0,17.244966506958008,0.310625,44.252863423812315,106.76360257933676
3D_HighDensity,3D,SC-RRT_Static,SC-Static,27,True,800,3214.0351060834673,17.482487201690674,1593,800.0,17.47037935256958,0.3075,46.69495604029273,104.32401308778059
3D_HighDensity,3D,SC-RRT_Static,SC-Static,28,True,800,2879.9621565583284,18.11284875869751,1601,800.0,18.10178518295288,0.324375,42.55013530427904,86.40179217686679
3D_HighDensity,3D,SC-RRT_Static,SC-Static,29,True,800,3016.2416221175217,18.258293867111206,1595,800.0,18.246158361434937,0.299375,44.32214098211948,93.13925319484278
3D_HighDensity,3D,SC-RRT_Static,SC-Static,30,True,800,2711.257277073608,17.421635150909424,1602,800.0,17.4106342792511,0.306875,43.75514531764364,88.07953094451403
3D_HighDensity,3D,SC-RRT_Adaptive,SC-Adaptive,1,False,800,inf,0.0,0,inf,inf,0.0,inf,0.0
3D_HighDensity,3D,SC-RRT_Adaptive,SC-Adaptive,2,False,800,inf,0.0,0,inf,inf,0.0,inf,0.0
3D_HighDensity,3D,SC-RRT_Adaptive,SC-Adaptive,3,False,800,inf,0.0,0,inf,inf,0.0,inf,0.0
3D_HighDensity,3D,SC-RRT_Adaptive,SC-Adaptive,4,False,800,inf,0.0,0,inf,inf,0.0,inf,0.0
3D_HighDensity,3D,SC-RRT_Adaptive,SC-Adaptive,5,False,800,inf,0.0,0,inf,inf,0.0,inf,0.0
3D_HighDensity,3D,SC-RRT_Adaptive,SC-Adaptive,6,False,800,inf,0.0,0,inf,inf,0.0,inf,0.0
3D_HighDensity,3D,SC-RRT_Adaptive,SC-Adaptive,7,False,800,inf,0.0,0,inf,inf,0.0,inf,0.0
3D_HighDensity,3D,SC-RRT_Adaptive,SC-Adaptive,8,False,800,inf,0.0,0,inf,inf,0.0,inf,0.0
3D_HighDensity,3D,SC-RRT_Adaptive,SC-Adaptive,9,False,800,inf,0.0,0,inf,inf,0.0,inf,0.0
3D_HighDensity,3D,SC-RRT_Adaptive,SC-Adaptive,10,False,800,inf,0.0,0,inf,inf,0.0,inf,0.0
3D_HighDensity,3D,SC-RRT_Adaptive,SC-Adaptive,11,False,800,inf,0.0,0,inf,inf,0.0,inf,0.0
3D_HighDensity,3D,SC-RRT_Adaptive,SC-Adaptive,12,False,800,inf,0.0,0,inf,inf,0.0,inf,0.0
3D_HighDensity,3D,SC-RRT_Adaptive,SC-Adaptive,13,False,800,inf,0.0,0,inf,inf,0.0,inf,0.0
3D_HighDensity,3D,SC-RRT_Adaptive,SC-Adaptive,14,False,800,inf,0.0,0,inf,inf,0.0,inf,0.0
3D_HighDensity,3D,SC-RRT_Adaptive,SC-Adaptive,15,False,800,inf,0.0,0,inf,inf,0.0,inf,0.0
3D_HighDensity,3D,SC-RRT_Adaptive,SC-Adaptive,16,False,800,inf,0.0,0,inf,inf,0.0,inf,0.0
3D_HighDensity,3D,SC-RRT_Adaptive,SC-Adaptive,17,False,800,inf,0.0,0,inf,inf,0.0,inf,0.0
3D_HighDensity,3D,SC-RRT_Adaptive,SC-Adaptive,18,False,800,inf,0.0,0,inf,inf,0.0,inf,0.0
3D_HighDensity,3D,SC-RRT_Adaptive,SC-Adaptive,19,False,800,inf,0.0,0,inf,inf,0.0,inf,0.0
3D_HighDensity,3D,SC-RRT_Adaptive,SC-Adaptive,20,False,800,inf,0.0,0,inf,inf,0.0,inf,0.0
3D_HighDensity,3D,SC-RRT_Adaptive,SC-Adaptive,21,False,800,inf,0.0,0,inf,inf,0.0,inf,0.0
3D_HighDensity,3D,SC-RRT_Adaptive,SC-Adaptive,22,False,800,inf,0.0,0,inf,inf,0.0,inf,0.0
3D_HighDensity,3D,SC-RRT_Adaptive,SC-Adaptive,23,False,800,inf,0.0,0,inf,inf,0.0,inf,0.0
3D_HighDensity,3D,SC-RRT_Adaptive,SC-Adaptive,24,False,800,inf,0.0,0,inf,inf,0.0,inf,0.0
3D_HighDensity,3D,SC-RRT_Adaptive,SC-Adaptive,25,False,800,inf,0.0,0,inf,inf,0.0,inf,0.0
3D_HighDensity,3D,SC-RRT_Adaptive,SC-Adaptive,26,False,800,inf,0.0,0,inf,inf,0.0,inf,0.0
3D_HighDensity,3D,SC-RRT_Adaptive,SC-Adaptive,27,False,800,inf,0.0,0,inf,inf,0.0,inf,0.0
3D_HighDensity,3D,SC-RRT_Adaptive,SC-Adaptive,28,False,800,inf,0.0,0,inf,inf,0.0,inf,0.0
3D_HighDensity,3D,SC-RRT_Adaptive,SC-Adaptive,29,False,800,inf,0.0,0,inf,inf,0.0,inf,0.0
3D_HighDensity,3D,SC-RRT_Adaptive,SC-Adaptive,30,False,800,inf,0.0,0,inf,inf,0.0,inf,0.0
