environment_id,family,dimension,seed,algorithm,success,budget_limit,expansion_attempts,added_nodes,total_nodes,collision_checks,collision_rejections,rewire_attempts,rewire_successes,first_solution_attempt,first_solution_time_s,first_solution_nodes,first_solution_cost_mm,first_solution_efficiency,fixed_budget_time_s,fixed_budget_cost_mm,fixed_budget_efficiency,path_valid,gamma_a_final,gamma_b_final,p_a_final,p_b_final,feedback_updates,pid_improvement_ema_final,map_index,seed_index
calibration-2d-00,uniform_clutter,2,20000000,SC-RRT,1,5000,5000,3099,3101,15141,1314,8845,3113,566.0,0.04352490697056055,172.0,2077.8241099802713,0.9188401944290683,1.2555652589653619,1976.5639733650619,0.9659127328691123,1,1.28726831686514,1.28726831686514,0.9483446567550463,0.9483446567550463,99,0.04745241292503037,0,0
calibration-2d-00,uniform_clutter,2,20000000,SC-RRT-no-ADCS,1,5000,5000,3316,3318,14478,1397,7448,2568,566.0,0.035954691004008055,172.0,2077.8241099802713,0.9188401944290683,1.1012530279695056,2014.3080428014907,0.9478134767055726,1,4.0,4.0,0.0,0.0,0,0.0,0,0
calibration-2d-00,uniform_clutter,2,20000000,SC-RRT-no-SSFOR,1,5000,5000,3073,3075,14333,1276,8510,2934,566.0,0.03607604798162356,172.0,2077.8241099802713,0.9188401944290683,1.1372046699980274,1962.8283310495667,0.9726720768202862,1,1.5,1.5,0.8,0.8,0,0.0,0,0
calibration-2d-00,uniform_clutter,2,20000001,SC-RRT-no-ADCS,1,5000,5000,3441,3443,15141,1255,7964,2827,475.0,0.03312853997340426,157.0,2123.3199641356446,0.8991524317819267,1.095505189965479,1986.7234026728593,0.9609733829254398,1,4.0,4.0,0.0,0.0,0,0.0,0,1
calibration-2d-00,uniform_clutter,2,20000001,SC-RRT-no-SSFOR,1,5000,5000,3132,3134,14711,1064,8941,3437,475.0,0.027930860000196844,157.0,2123.3199641356446,0.8991524317819267,1.102158936962951,1969.715739028729,0.9692709822916392,1,1.5,1.5,0.8,0.8,0,0.0,0,1
calibration-2d-00,uniform_clutter,2,20000001,SC-RRT,1,5000,5000,3313,3315,15942,1200,9180,3344,475.0,0.030665692000184208,157.0,2123.3199641356446,0.8991524317819267,1.315412262978498,1960.6392121359222,0.9737580975562591,1,1.2866519983162092,1.2866519983162092,0.9487812728751203,0.9487812728751203,99,0.06208427447491674,0,1
calibration-2d-00,uniform_clutter,2,20000002,SC-RRT-no-SSFOR,1,5000,5000,3145,3147,15146,1000,9498,3752,256.0,0.01817996898898855,130.0,2173.4064705221954,0.8784313174263099,1.1006600529653952,1987.2587065654925,0.9607145274523716,1,1.5,1.5,0.8,0.8,0,0.0,0,2
calibration-2d-00,uniform_clutter,2,20000002,SC-RRT,1,5000,5000,3294,3296,15906,1018,9503,3345,256.0,0.01800326001830399,130.0,2173.4064705221954,0.8784313174263099,1.2649019040400162,1956.109095787611,0.9760132056617014,1,1.2863353973704914,1.2863353973704914,0.9490055458129364,0.9490055458129364,99,0.03759294545240537,0,2
calibration-2d-00,uniform_clutter,2,20000002,SC-RRT-no-ADCS,1,5000,5000,3628,3630,16009,1054,8637,3110,256.0,0.017445289995521307,130.0,2173.4064705221954,0.8784313174263099,1.1745243819896132,1992.0038228864282,0.9584260267318415,1,4.0,4.0,0.0,0.0,0,0.0,0,2
calibration-2d-00,uniform_clutter,2,20000003,SC-RRT,1,5000,5000,3491,3493,16659,1018,9761,3971,223.0,0.017005478963255882,111.0,2188.0144504227815,0.8725665906067362,1.28667449997738,1963.173527058123,0.9725010463362639,1,1.2854876036393996,1.2854876036393996,0.9496060512089084,0.9496060512089084,99,0.06634022122507126,0,3
calibration-2d-00,uniform_clutter,2,20000003,SC-RRT-no-ADCS,1,5000,5000,3743,3745,16491,986,8943,3326,223.0,0.01555860904045403,111.0,2188.0144504227815,0.8725665906067362,1.263443176052533,1979.2821888980986,0.964586212068405,1,4.0,4.0,0.0,0.0,0,0.0,0,3
calibration-2d-00,uniform_clutter,2,20000003,SC-RRT-no-SSFOR,1,5000,5000,3168,3170,15212,1012,9529,3762,223.0,0.01570016803452745,111.0,2188.0144504227815,0.8725665906067362,1.1455718770157546,2032.110908835837,0.9395098962868227,1,1.5,1.5,0.8,0.8,0,0.0,0,3
calibration-2d-00,uniform_clutter,2,20000004,SC-RRT-no-ADCS,1,5000,5000,3505,3507,15949,1185,8726,3226,320.0,0.02408994996221736,136.0,2202.8370283965282,0.8666952137595941,1.1266359649598598,1983.0890394633418,0.9627345374872011,1,4.0,4.0,0.0,0.0,0,0.0,0,4
calibration-2d-00,uniform_clutter,2,20000004,SC-RRT-no-SSFOR,1,5000,5000,3065,3067,14878,1153,9099,3558,320.0,0.02318454603664577,136.0,2202.8370283965282,0.8666952137595941,1.1368239180301316,1981.0857056121479,0.9637080838023342,1,1.5,1.5,0.8,0.8,0,0.0,0,4
calibration-2d-00,uniform_clutter,2,20000004,SC-RRT,1,5000,5000,3362,3364,16919,1093,10229,3783,320.0,0.023474099987652153,136.0,2202.8370283965282,0.8666952137595941,1.3226180269848555,1959.2676475169703,0.9744397666256783,1,1.3116843671623903,1.3116843671623903,0.9310239501606323,0.9310239501606323,99,0.025889725098011348,0,4
calibration-2d-01,central_cluster,2,20010000,SC-RRT-no-SSFOR,1,5000,5000,2692,2694,12155,1723,6674,2381,1133.0,0.06851253699278459,287.0,2581.0745389260064,0.739687397791347,0.9392546140006743,2240.3850302063443,0.8521697313018727,1,1.5,1.5,0.8,0.8,0,0.0,1,0
calibration-2d-01,central_cluster,2,20010000,SC-RRT,1,5000,5000,2640,2642,12310,1793,6544,2240,1133.0,0.06780556397279724,287.0,2581.0745389260064,0.739687397791347,0.9543089930084534,2160.1759195338036,0.8838114951377238,1,1.2940778202433172,1.2940778202433172,0.9435181943516233,0.9435181943516233,99,0.16242780972958373,1,0
calibration-2d-01,central_cluster,2,20010000,SC-RRT-no-ADCS,1,5000,5000,3014,3016,13360,1775,6568,2197,1133.0,0.06785225303610787,287.0,2581.0745389260064,0.739687397791347,1.0023058790247887,2311.811615938025,0.8258407804690517,1,4.0,4.0,0.0,0.0,0,0.0,1,0
calibration-2d-01,central_cluster,2,20010001,SC-RRT,1,5000,5000,3057,3059,15231,1385,9002,2935,459.0,0.02942303300369531,146.0,2313.1888595223086,0.8253490852441423,1.2328144109924324,2122.6751378644376,0.8994255763152047,1,1.2866513928996641,1.2866513928996641,0.9487817017485376,0.9487817017485376,99,0.04125557645845849,1,1
calibration-2d-01,central_cluster,2,20010001,SC-RRT-no-ADCS,1,5000,5000,3369,3371,15777,1382,8660,3317,459.0,0.02840812096837908,146.0,2313.1888595223086,0.8253490852441423,1.2776466849609278,2110.9588809911625,0.9044175736418198,1,4.0,4.0,0.0,0.0,0,0.0,1,1
calibration-2d-01,central_cluster,2,20010001,SC-RRT-no-SSFOR,1,5000,5000,2793,2795,12663,1392,7417,2817,459.0,0.030117210000753403,146.0,2313.1888595223086,0.8253490852441423,1.008164911007043,2117.682865386585,0.9015459020844248,1,1.5,1.5,0.8,0.8,0,0.0,1,1
calibration-2d-01,central_cluster,2,20010002,SC-RRT-no-ADCS,1,5000,5000,3135,3137,13598,1644,6753,2383,888.0,0.06304076401283965,276.0,2328.448114338188,0.8199402415055851,0.999332626000978,2168.0495477316467,0.8806017884605978,1,4.0,4.0,0.0,0.0,0,0.0,1,2
calibration-2d-01,central_cluster,2,20010002,SC-RRT-no-SSFOR,1,5000,5000,2942,2944,13946,1475,8254,3288,888.0,0.056854529946576804,276.0,2328.448114338188,0.8199402415055851,1.016830903943628,2114.8332647872226,0.9027606766889802,1,1.5,1.5,0.8,0.8,0,0.0,1,2
calibration-2d-01,central_cluster,2,20010002,SC-RRT,1,5000,5000,2690,2692,12347,1563,7012,2404,888.0,0.05563770997105166,276.0,2328.448114338188,0.8199402415055851,0.9847175009781495,2065.090679841933,0.9245057991108712,1,1.2901422965772962,1.2901422965772962,0.9463081511344114,0.9463081511344114,99,0.08009578911926808,1,2
calibration-2d-01,central_cluster,2,20010003,SC-RRT-no-SSFOR,1,5000,5000,3080,3082,13963,1231,8309,2998,488.0,0.030213453981559724,163.0,2306.7558376706556,0.8276507977244623,1.0456252109725028,2180.0560761757038,0.8757519267819996,1,1.5,1.5,0.8,0.8,0,0.0,1,3
calibration-2d-01,central_cluster,2,20010003,SC-RRT,1,5000,5000,3238,3240,15624,1298,9042,3357,488.0,0.029182830010540783,163.0,2306.7558376706556,0.8276507977244623,1.147333308996167,2183.2373018892313,0.8744758563586245,1,1.2858966351857593,1.2858966351857593,0.949316337458625,0.949316337458625,99,0.04270329750006667,1,3
calibration-2d-01,central_cluster,2,20010003,SC-RRT-no-ADCS,1,5000,5000,3678,3680,15894,1100,8415,2726,488.0,0.032828894967678934,163.0,2306.7558376706556,0.8276507977244623,1.1654062899760902,2187.181677008941,0.8728988219280304,1,4.0,4.0,0.0,0.0,0,0.0,1,3
calibration-2d-01,central_cluster,2,20010004,SC-RRT,1,5000,5000,2408,2410,10955,1798,5981,2012,1486.0,0.10540871397824958,476.0,2267.9499603704003,0.8418123603096916,0.7729894060175866,2107.321836064519,0.90597851573025,1,1.2866044522524893,1.2866044522524893,0.9488149541020305,0.9488149541020305,99,0.14686168678299444,1,4
calibration-2d-01,central_cluster,2,20010004,SC-RRT-no-ADCS,1,5000,5000,3095,3097,13014,1739,6256,1900,1486.0,0.11634109303122386,476.0,2267.9499603704003,0.8418123603096916,0.9847416009870358,2174.499007565436,0.877989965762827,1,4.0,4.0,0.0,0.0,0,0.0,1,4
calibration-2d-01,central_cluster,2,20010004,SC-RRT-no-SSFOR,1,5000,5000,2614,2616,12314,1999,6622,2153,1486.0,0.10699389403453097,476.0,2267.9499603704003,0.8418123603096916,0.9541982830269262,2155.922618142168,0.8855551183227952,1,1.5,1.5,0.8,0.8,0,0.0,1,4
calibration-2d-02,slab_clutter,2,20020000,SC-RRT-no-ADCS,1,5000,5000,3695,3697,16585,1022,9190,3195,196.0,0.01555850898148492,132.0,2032.7691276976154,0.9392056791840847,1.243578556983266,1981.6883705875186,0.9634150038624155,1,4.0,4.0,0.0,0.0,0,0.0,2,0
calibration-2d-02,slab_clutter,2,20020000,SC-RRT-no-SSFOR,1,5000,5000,3100,3102,14138,1002,8819,3252,196.0,0.016266632999759167,132.0,2032.7691276976154,0.9392056791840847,1.0686312139732763,1954.2854118923462,0.9769239935916012,1,1.5,1.5,0.8,0.8,0,0.0,2,0
calibration-2d-02,slab_clutter,2,20020000,SC-RRT,1,5000,5000,3374,3376,15785,1032,9279,3209,196.0,0.015789804980158806,132.0,2032.7691276976154,0.9392056791840847,1.2852782100089826,1944.885310833618,0.9816457035121319,1,1.305093388037132,1.305093388037132,0.935703006620919,0.935703006620919,99,0.024723446274032092,2,0
calibration-2d-02,slab_clutter,2,20020001,SC-RRT-no-SSFOR,1,5000,5000,2930,2932,13381,1165,8158,2986,333.0,0.022140958986710757,137.0,2075.5242034017183,0.9198583693095842,1.0167916939826682,1984.9599940941785,0.961827097213071,1,1.5,1.5,0.8,0.8,0,0.0,2,1
calibration-2d-02,slab_clutter,2,20020001,SC-RRT,1,5000,5000,3547,3549,17481,946,10531,3623,333.0,0.022784073022194207,137.0,2075.5242034017183,0.9198583693095842,1.4768927710247226,1928.0517530237776,0.9902163187318412,1,1.2873293216472832,1.2873293216472832,0.9483014372420355,0.9483014372420355,99,0.060429674318529705,2,1
calibration-2d-02,slab_clutter,2,20020001,SC-RRT-no-ADCS,1,5000,5000,3820,3822,16922,928,9268,3348,333.0,0.021196021989453584,137.0,2075.5242034017183,0.9198583693095842,1.26770922599826,1992.1224702676948,0.9583689445293632,1,4.0,4.0,0.0,0.0,0,0.0,2,1
calibration-2d-02,slab_clutter,2,20020002,SC-RRT,1,5000,5000,3534,3536,16696,986,9755,3469,266.0,0.01836449798429385,131.0,2165.4003946339776,0.8816791176055884,1.335980543983169,1978.9381847543705,0.9647538886823038,1,1.2859871254517703,1.2859871254517703,0.9492522415025136,0.9492522415025136,99,0.04620469251291953,2,2
calibration-2d-02,slab_clutter,2,20020002,SC-RRT-no-ADCS,1,5000,5000,3721,3723,16175,1019,8680,3092,266.0,0.019512509985361248,131.0,2165.4003946339776,0.8816791176055884,1.2410261639743112,2022.6067760250735,0.9439246084974111,1,4.0,4.0,0.0,0.0,0,0.0,2,2
calibration-2d-02,slab_clutter,2,20020002,SC-RRT-no-SSFOR,1,5000,5000,3046,3048,14163,1037,8723,3056,266.0,0.017942117003258318,131.0,2165.4003946339776,0.8816791176055884,1.0550592149957083,1982.2076866442412,0.9631625999976923,1,1.5,1.5,0.8,0.8,0,0.0,2,2
calibration-2d-02,slab_clutter,2,20020003,SC-RRT-no-ADCS,1,5000,5000,3613,3615,15712,1161,8357,2976,616.0,0.04280630894936621,256.0,2203.7955637046243,0.8663182468678241,1.1375807259464636,2018.626147799584,0.9457859798778495,1,4.0,4.0,0.0,0.0,0,0.0,2,3
calibration-2d-02,slab_clutter,2,20020003,SC-RRT-no-SSFOR,1,5000,5000,3054,3056,14068,1148,8492,3308,616.0,0.04645810602232814,256.0,2203.7955637046243,0.8663182468678241,1.056332755018957,1996.5325297442084,0.9562520423587987,1,1.5,1.5,0.8,0.8,0,0.0,2,3
calibration-2d-02,slab_clutter,2,20020003,SC-RRT,1,5000,5000,3256,3258,15153,1190,8760,2552,616.0,0.04441455099731684,256.0,2203.7955637046243,0.8663182468678241,1.2502251359983347,1977.8614252529678,0.9652791064265251,1,1.2859507453084786,1.2859507453084786,0.949278010347061,0.949278010347061,99,0.07918125116908768,2,3
calibration-2d-02,slab_clutter,2,20020004,SC-RRT-no-SSFOR,1,5000,5000,3075,3077,14498,1003,9132,3610,325.0,0.02307245397241786,160.0,2160.9445295362843,0.8834971389170132,1.1002316129743122,1942.64173389922,0.982779416239352,1,1.5,1.5,0.8,0.8,0,0.0,2,4
calibration-2d-02,slab_clutter,2,20020004,SC-RRT,1,5000,5000,3535,3537,16552,1009,9570,3628,325.0,0.02215025300392881,160.0,2160.9445295362843,0.8834971389170132,1.3395106520038098,2013.4044409084586,0.9482388487939575,1,1.2961751696251056,1.2961751696251056,0.9420308234006288,0.9420308234006288,99,0.032492537589344554,2,4
calibration-2d-02,slab_clutter,2,20020004,SC-RRT-no-ADCS,1,5000,5000,3815,3817,17068,963,9369,3407,325.0,0.02346264402149245,160.0,2160.9445295362843,0.8834971389170132,1.2937379810027778,2055.6147957290445,0.928767545928548,1,4.0,4.0,0.0,0.0,0,0.0,2,4
calibration-2d-03,uniform_clutter,2,20030000,SC-RRT,1,5000,5000,3115,3117,14500,1355,8210,2785,890.0,0.059144625964108855,314.0,2099.9553412754312,0.9091566242756912,1.2049811289762147,1977.6378148525012,0.9653882499946391,1,1.2879884800891435,1.2879884800891435,0.9478344249504717,0.9478344249504717,99,0.06261449300044337,3,0
calibration-2d-03,uniform_clutter,2,20030000,SC-RRT-no-ADCS,1,5000,5000,3402,3404,14690,1371,7531,2652,890.0,0.0678228689939715,314.0,2099.9553412754312,0.9091566242756912,1.1488923209835775,1980.2526708256312,0.9641134878044003,1,4.0,4.0,0.0,0.0,0,0.0,3,0
calibration-2d-03,uniform_clutter,2,20030000,SC-RRT-no-SSFOR,1,5000,5000,3048,3050,14001,1394,8095,2578,890.0,0.0677232260350138,314.0,2099.9553412754312,0.9091566242756912,1.0843684949795716,1988.0406336626334,0.96033666358535,1,1.5,1.5,0.8,0.8,0,0.0,3,0
calibration-2d-03,uniform_clutter,2,20030001,SC-RRT-no-ADCS,1,5000,5000,3589,3591,15953,1131,8592,2900,190.0,0.013761696987785399,105.0,2167.1961839641353,0.8809485377145132,1.2247645829920657,2039.3643675512192,0.9361683177274247,1,4.0,4.0,0.0,0.0,0,0.0,3,1
calibration-2d-03,uniform_clutter,2,20030001,SC-RRT-no-SSFOR,1,5000,5000,3167,3169,15002,954,9251,3524,190.0,0.014967601979151368,105.0,2167.1961839641353,0.8809485377145132,1.1771962660131976,1970.3003088874088,0.9689834085656519,1,1.5,1.5,0.8,0.8,0,0.0,3,1
calibration-2d-03,uniform_clutter,2,20030001,SC-RRT,1,5000,5000,3302,3304,15774,1081,9312,3501,190.0,0.016269840009044856,105.0,2167.1961839641353,0.8809485377145132,1.2961149060283788,2007.8595964653,0.9508574765709087,1,1.2815656283377994,1.2815656283377994,0.95,0.95,99,0.05429858108778618,3,1
calibration-2d-03,uniform_clutter,2,20030002,SC-RRT-no-SSFOR,1,5000,5000,3115,3117,14876,955,9351,3812,144.0,0.012099755986128002,93.0,2061.9976198693575,0.9258925862992214,1.1300509690190665,1987.8361330477117,0.9604354591726573,1,1.5,1.5,0.8,0.8,0,0.0,3,2
calibration-2d-03,uniform_clutter,2,20030002,SC-RRT,1,5000,5000,3450,3452,16611,941,9921,4065,144.0,0.013131643005181104,93.0,2061.9976198693575,0.9258925862992214,1.3512204350554384,1979.4500463891188,0.9645044150956924,1,1.308401107650566,1.308401107650566,0.9333549931418208,0.9333549931418208,99,0.028771792110240144,3,2
calibration-2d-03,uniform_clutter,2,20030002,SC-RRT-no-ADCS,1,5000,5000,3714,3716,16313,987,8799,3273,144.0,0.01139840396353975,93.0,2061.9976198693575,0.9258925862992214,1.2207623249851167,2000.7732529372593,0.9542252258724827,1,4.0,4.0,0.0,0.0,0,0.0,3,2
calibration-2d-03,uniform_clutter,2,20030003,SC-RRT,1,5000,5000,3349,3351,16509,1238,9628,2985,486.0,0.030013761017471552,194.0,2436.325991223176,0.7836341754270559,1.4215962390298955,2057.913570756281,0.9277300739612955,1,1.2992757389051102,1.2992757389051102,0.9398314097354162,0.9398314097354162,99,0.03795261743628847,3,3
calibration-2d-03,uniform_clutter,2,20030003,SC-RRT-no-ADCS,1,5000,5000,3520,3522,15421,1244,8062,2724,486.0,0.0340742000262253,194.0,2436.325991223176,0.7836341754270559,1.1336318860412575,2061.1081218601316,0.9262921672836129,1,4.0,4.0,0.0,0.0,0,0.0,3,3
calibration-2d-03,uniform_clutter,2,20030003,SC-RRT-no-SSFOR,1,5000,5000,3111,3113,14724,1206,8831,3091,486.0,0.03405616502277553,194.0,2436.325991223176,0.7836341754270559,1.1217559090000577,1985.6615084827731,0.9614872933013002,1,1.5,1.5,0.8,0.8,0,0.0,3,3
calibration-2d-03,uniform_clutter,2,20030004,SC-RRT-no-ADCS,1,5000,5000,3675,3677,17072,957,9795,3716,219.0,0.017527939984574914,136.0,2179.1728776901828,0.8761068608872028,1.3122866619960405,2027.4405135580278,0.9416741435501728,1,4.0,4.0,0.0,0.0,0,0.0,3,4
calibration-2d-03,uniform_clutter,2,20030004,SC-RRT-no-SSFOR,1,5000,5000,3198,3200,14478,881,8861,3369,219.0,0.017510143981780857,136.0,2179.1728776901828,0.8761068608872028,1.1990126210148446,1968.950457262608,0.9696477136646617,1,1.5,1.5,0.8,0.8,0,0.0,3,4
calibration-2d-03,uniform_clutter,2,20030004,SC-RRT,1,5000,5000,3452,3454,16141,875,9635,3464,219.0,0.01911409804597497,136.0,2179.1728776901828,0.8761068608872028,1.3116500310134143,1996.1183040519168,0.956450479577398,1,1.2785316841502001,1.2785316841502001,0.95,0.95,99,0.037601220142274815,3,4
calibration-3d-00,uniform_clutter,3,30000000,SC-RRT,1,5000,5000,3572,3574,9163,289,3837,510,148.0,0.016193606017623097,123.0,2581.6088269821275,0.9057408565461851,0.9401489780284464,2580.09302954787,0.9062729767646158,1,1.446113925674571,1.446113925674571,0.8365200489626777,0.8365200489626777,99,0.0013436948110397977,0,0
calibration-3d-00,uniform_clutter,3,30000000,SC-RRT-no-ADCS,1,5000,5000,3909,3911,10531,297,4325,620,148.0,0.016606830002274364,123.0,2581.6088269821275,0.9057408565461851,1.0469471950200386,2573.4917414057445,0.9085976661967946,1,4.0,4.0,0.0,0.0,0,0.0,0,0
calibration-3d-00,uniform_clutter,3,30000000,SC-RRT-no-SSFOR,1,5000,5000,3755,3757,9121,328,3748,340,148.0,0.017180103983264416,123.0,2581.6088269821275,0.9057408565461851,1.000141080992762,2568.2569745773626,0.9104496214218495,1,1.5,1.5,0.8,0.8,0,0.0,0,0
calibration-3d-00,uniform_clutter,3,30000001,SC-RRT-no-ADCS,1,5000,5000,3949,3951,10623,240,4482,732,148.0,0.01720248901983723,137.0,2623.619004226449,0.8912378613095929,1.0770052740117535,2578.1041976744145,0.9069721046679282,1,4.0,4.0,0.0,0.0,0,0.0,0,1
calibration-3d-00,uniform_clutter,3,30000001,SC-RRT-no-SSFOR,1,5000,5000,3683,3685,9015,269,3824,404,148.0,0.01650212099775672,137.0,2623.619004226449,0.8912378613095929,0.9859007810009643,2595.865489155386,0.9007664688276218,1,1.5,1.5,0.8,0.8,0,0.0,0,1
calibration-3d-00,uniform_clutter,3,30000001,SC-RRT,1,5000,5000,3685,3687,9476,205,4036,556,148.0,0.017390259017702192,137.0,2623.619004226449,0.8912378613095929,1.005779266008176,2577.9411228787717,0.9070294776968582,1,1.4217081789869552,1.4217081789869552,0.8534015664419878,0.8534015664419878,99,0.002274655425547492,0,1
calibration-3d-00,uniform_clutter,3,30000002,SC-RRT-no-SSFOR,1,5000,5000,3707,3709,8884,223,3837,456,146.0,0.016268805018626153,125.0,2509.832040371418,0.9316434536679017,0.9496110110194422,2507.8903306305697,0.9323647695671219,1,1.5,1.5,0.8,0.8,0,0.0,0,2
calibration-3d-00,uniform_clutter,3,30000002,SC-RRT,1,5000,5000,3674,3676,9384,201,3949,443,146.0,0.015936722978949547,125.0,2509.832040371418,0.9316434536679017,0.9792006780044176,2498.806435995669,0.9357541890939955,1,1.4184556279716274,1.4184556279716274,0.8556647148012274,0.8556647148012274,98,0.005758421738089106,0,2
calibration-3d-00,uniform_clutter,3,30000002,SC-RRT-no-ADCS,1,5000,5000,4002,4004,10838,209,4578,644,146.0,0.017223211005330086,125.0,2509.832040371418,0.9316434536679017,1.1195880160084926,2492.7796077154617,0.9380165751439691,1,4.0,4.0,0.0,0.0,0,0.0,0,2
calibration-3d-00,uniform_clutter,3,30000003,SC-RRT,1,5000,5000,3567,3569,9305,230,4066,614,132.0,0.014960583997890353,119.0,2555.8913295547977,0.9148544631689327,0.9827194839599542,2538.585636079449,0.9210910819731765,1,1.4291245434969282,1.4291245434969282,0.8482524214380299,0.8482524214380299,99,0.0027817865703727803,0,3
calibration-3d-00,uniform_clutter,3,30000003,SC-RRT-no-ADCS,1,5000,5000,3978,3980,10699,207,4496,608,132.0,0.01531580596929416,119.0,2555.8913295547977,0.9148544631689327,1.079453656973783,2541.7038821002798,0.9199610571022965,1,4.0,4.0,0.0,0.0,0,0.0,0,3
calibration-3d-00,uniform_clutter,3,30000003,SC-RRT-no-SSFOR,1,5000,5000,3706,3708,9048,304,3801,412,132.0,0.014122320979367942,119.0,2555.8913295547977,0.9148544631689327,0.918353435001336,2552.7120271255803,0.9159938784207222,1,1.5,1.5,0.8,0.8,0,0.0,0,3
calibration-3d-00,uniform_clutter,3,30000004,SC-RRT-no-ADCS,1,5000,5000,3935,3937,10434,242,4276,564,122.0,0.01445361803052947,115.0,2524.8567923131045,0.9260994910035351,1.023250881000422,2518.548384142008,0.9284191659532323,1,4.0,4.0,0.0,0.0,0,0.0,0,4
calibration-3d-00,uniform_clutter,3,30000004,SC-RRT-no-SSFOR,1,5000,5000,3673,3675,9046,289,3896,490,122.0,0.013493600999936461,115.0,2524.8567923131045,0.9260994910035351,0.9393237519543618,2517.9120138312464,0.9286538121163664,1,1.5,1.5,0.8,0.8,0,0.0,0,4
calibration-3d-00,uniform_clutter,3,30000004,SC-RRT,1,5000,5000,3622,3624,9232,236,3857,503,122.0,0.014791171997785568,115.0,2524.8567923131045,0.9260994910035351,0.9296588629949838,2524.8567923131045,0.9260994910035351,1,1.4461827173363782,1.4461827173363782,0.8364727335231267,0.8364727335231267,99,0.0013432335931286997,0,4
calibration-3d-01,central_cluster,3,30010000,SC-RRT-no-SSFOR,1,5000,5000,3555,3557,8772,495,3771,428,264.0,0.024280042969621718,173.0,2620.3116621790837,0.8923627765230991,0.8986509189708158,2582.5071223793993,0.9054258050075055,1,1.5,1.5,0.8,0.8,0,0.0,1,0
calibration-3d-01,central_cluster,3,30010000,SC-RRT,1,5000,5000,3439,3441,9257,464,4007,693,264.0,0.025593650003429502,173.0,2620.3116621790837,0.8923627765230991,0.9452513150172308,2572.686603744467,0.908882017271247,1,1.374674089204508,1.374674089204508,0.8863735384726921,0.8863735384726921,99,0.008713819055256042,1,0
calibration-3d-01,central_cluster,3,30010000,SC-RRT-no-ADCS,1,5000,5000,3867,3869,10818,386,4654,903,264.0,0.02531617396743968,173.0,2620.3116621790837,0.8923627765230991,1.0409211110090837,2568.84449532894,0.9102413923730208,1,4.0,4.0,0.0,0.0,0,0.0,1,0
calibration-3d-01,central_cluster,3,30010001,SC-RRT,1,5000,5000,3465,3467,9228,492,4000,695,442.0,0.04302710702177137,277.0,2912.116295402435,0.8029447841453224,0.9495255390065722,2866.8400943347224,0.8156257458651881,1,1.367700996105643,1.367700996105643,0.8912984096852996,0.8912984096852996,99,0.011711297925265263,1,1
calibration-3d-01,central_cluster,3,30010001,SC-RRT-no-ADCS,1,5000,5000,3843,3845,10802,472,4659,828,442.0,0.041647683014161885,277.0,2912.116295402435,0.8029447841453224,1.014811326051131,2872.7714226128273,0.8139417469181363,1,4.0,4.0,0.0,0.0,0,0.0,1,1
calibration-3d-01,central_cluster,3,30010001,SC-RRT-no-SSFOR,1,5000,5000,3630,3632,8944,478,3560,314,442.0,0.041800242965109646,277.0,2912.116295402435,0.8029447841453224,0.9300277379807085,2807.552281691973,0.8328495271364369,1,1.5,1.5,0.8,0.8,0,0.0,1,1
calibration-3d-01,central_cluster,3,30010002,SC-RRT-no-ADCS,1,5000,5000,3809,3811,10260,470,4222,651,461.0,0.04410835501039401,292.0,3227.8316694628593,0.7244084666308183,0.9835553769953549,2672.04433200185,0.8750860014609838,1,4.0,4.0,0.0,0.0,0,0.0,1,2
calibration-3d-01,central_cluster,3,30010002,SC-RRT-no-SSFOR,1,5000,5000,3470,3472,8710,591,3620,399,461.0,0.04658113204641268,292.0,3227.8316694628593,0.7244084666308183,0.873945127998013,2724.1519850685713,0.8583473326871394,1,1.5,1.5,0.8,0.8,0,0.0,1,2
calibration-3d-01,central_cluster,3,30010002,SC-RRT,1,5000,5000,3415,3417,9609,468,4547,938,461.0,0.04566726298071444,292.0,3227.8316694628593,0.7244084666308183,0.9630546860280447,2663.9318557164447,0.8777509023740114,1,1.336861696263452,1.336861696263452,0.9131472607203642,0.9131472607203642,99,0.020009264633721983,1,2
calibration-3d-01,central_cluster,3,30010003,SC-RRT-no-SSFOR,1,5000,5000,3484,3486,8675,537,3615,383,317.0,0.030624797975178808,201.0,2655.523053649291,0.8805303297987463,0.8939394460176118,2621.3181328291494,0.8920201485404314,1,1.5,1.5,0.8,0.8,0,0.0,1,3
calibration-3d-01,central_cluster,3,30010003,SC-RRT,1,5000,5000,3350,3352,10070,555,4936,1222,317.0,0.031236206996254623,201.0,2655.523053649291,0.8805303297987463,1.0460751439677551,2584.129625197824,0.9048573134325572,1,1.3352275803746603,1.3352275803746603,0.914307082314647,0.914307082314647,99,0.017424867082809582,1,3
calibration-3d-01,central_cluster,3,30010003,SC-RRT-no-ADCS,1,5000,5000,3792,3794,10428,525,4309,691,317.0,0.029972126008942723,201.0,2655.523053649291,0.8805303297987463,1.0399331020307727,2586.2942230284284,0.904099993495706,1,4.0,4.0,0.0,0.0,0,0.0,1,3
calibration-3d-01,central_cluster,3,30010004,SC-RRT,1,5000,5000,3390,3392,8849,542,3726,561,431.0,0.04338830104097724,253.0,2936.4014451139333,0.7963041273218209,0.9376444870140404,2742.726799736751,0.8525342700710886,1,1.3283916611013415,1.3283916611013415,0.9191600751598737,0.9191600751598737,99,0.015580814495051965,1,4
calibration-3d-01,central_cluster,3,30010004,SC-RRT-no-ADCS,1,5000,5000,3812,3814,10487,514,4296,639,431.0,0.042408894980326295,253.0,2936.4014451139333,0.7963041273218209,1.0942532580229454,2750.6858421557217,0.850067482946535,1,4.0,4.0,0.0,0.0,0,0.0,1,4
calibration-3d-01,central_cluster,3,30010004,SC-RRT-no-SSFOR,1,5000,5000,3582,3584,9005,588,3669,398,431.0,0.041822561994194984,253.0,2936.4014451139333,0.7963041273218209,0.9395627360208891,2752.155572779294,0.8496135223404753,1,1.5,1.5,0.8,0.8,0,0.0,1,4
calibration-3d-02,slab_clutter,3,30020000,SC-RRT-no-ADCS,1,5000,5000,3923,3925,10912,251,4788,869,154.0,0.017181764007546008,130.0,2548.241798286774,0.9176007519341538,1.0634063399629667,2517.1118913214946,0.9289490063115086,1,4.0,4.0,0.0,0.0,0,0.0,2,0
calibration-3d-02,slab_clutter,3,30020000,SC-RRT-no-SSFOR,1,5000,5000,3504,3506,8455,417,3497,329,154.0,0.016754571988712996,130.0,2548.241798286774,0.9176007519341538,0.8605169839574955,2534.6835318776502,0.9225090867599691,1,1.5,1.5,0.8,0.8,0,0.0,2,0
calibration-3d-02,slab_clutter,3,30020000,SC-RRT,1,5000,5000,3531,3533,9669,303,4373,813,154.0,0.016466481960378587,130.0,2548.241798286774,0.9176007519341538,0.9935848189634271,2503.5180120414802,0.9339931164750261,1,1.4060993882513817,1.4060993882513817,0.8642878105376115,0.8642878105376115,99,0.0047068004099991585,2,0
calibration-3d-02,slab_clutter,3,30020001,SC-RRT-no-SSFOR,1,5000,5000,3626,3628,8880,447,3691,343,203.0,0.020374836050905287,152.0,2621.2164588723044,0.8920547489709989,0.9044088830123655,2585.892997591106,0.9042402730492728,1,1.5,1.5,0.8,0.8,0,0.0,2,1
calibration-3d-02,slab_clutter,3,30020001,SC-RRT,1,5000,5000,3654,3656,10028,251,4607,662,203.0,0.020321516029071063,152.0,2621.2164588723044,0.8920547489709989,0.9427229650318623,2573.3506842958714,0.908647470586695,1,1.396932445538652,1.396932445538652,0.870709271060617,0.870709271060617,99,0.003702304707093765,2,1
calibration-3d-02,slab_clutter,3,30020001,SC-RRT-no-ADCS,1,5000,5000,3997,3999,11620,245,5336,803,203.0,0.02000355301424861,152.0,2621.2164588723044,0.8920547489709989,1.0305964110302739,2571.183257592385,0.9094134318560793,1,4.0,4.0,0.0,0.0,0,0.0,2,1
calibration-3d-02,slab_clutter,3,30020002,SC-RRT,1,5000,5000,3527,3529,9422,378,4052,628,160.0,0.017187145014759153,134.0,2550.2267928911288,0.9168865281848706,0.931593157001771,2529.3208782923316,0.9244649859517484,1,1.4137421202568343,1.4137421202568343,0.8589494964180249,0.8589494964180249,99,0.0026512245473901833,2,2
calibration-3d-02,slab_clutter,3,30020002,SC-RRT-no-ADCS,1,5000,5000,3891,3893,11162,366,4901,911,160.0,0.017156549030914903,134.0,2550.2267928911288,0.9168865281848706,1.1007120640133508,2522.068495485271,0.9271233491095484,1,4.0,4.0,0.0,0.0,0,0.0,2,2
calibration-3d-02,slab_clutter,3,30020002,SC-RRT-no-SSFOR,1,5000,5000,3605,3607,8883,325,3842,426,160.0,0.017251569021027535,134.0,2550.2267928911288,0.9168865281848706,0.8892055990290828,2546.320704571533,0.9182930437709504,1,1.5,1.5,0.8,0.8,0,0.0,2,2
calibration-3d-02,slab_clutter,3,30020003,SC-RRT-no-ADCS,1,5000,5000,3859,3861,10462,390,4379,654,189.0,0.01941383897792548,149.0,2587.313289573434,0.9037438951212169,0.9917806889861822,2579.4938491407415,0.9064834913240394,1,4.0,4.0,0.0,0.0,0,0.0,2,3
calibration-3d-02,slab_clutter,3,30020003,SC-RRT-no-SSFOR,1,5000,5000,3644,3646,9053,363,3889,522,189.0,0.0208005880122073,149.0,2587.313289573434,0.9037438951212169,0.908594220993109,2587.313289573434,0.9037438951212169,1,1.5,1.5,0.8,0.8,0,0.0,2,3
calibration-3d-02,slab_clutter,3,30020003,SC-RRT,1,5000,5000,3466,3468,9783,414,4623,1090,189.0,0.020362826995551586,149.0,2587.313289573434,0.9037438951212169,0.9580543540068902,2551.4964755380634,0.9164302646057493,1,1.3923649821203763,1.3923649821203763,0.8739157527353706,0.8739157527353706,99,0.011384666047738735,2,3
calibration-3d-02,slab_clutter,3,30020004,SC-RRT-no-SSFOR,1,5000,5000,3670,3672,9132,365,3888,492,200.0,0.0208003880106844,147.0,2622.3765481690475,0.8916601209885634,0.951542666007299,2597.1365839801856,0.9003256142326258,1,1.5,1.5,0.8,0.8,0,0.0,2,4
calibration-3d-02,slab_clutter,3,30020004,SC-RRT,1,5000,5000,3524,3526,9306,329,4059,548,200.0,0.02148667100118473,147.0,2622.3765481690475,0.8916601209885634,0.9297844729735516,2572.6953709532518,0.9088789199910574,1,1.3900313825882713,1.3900313825882713,0.8755556780975376,0.8755556780975376,99,0.006457075204724932,2,4
calibration-3d-02,slab_clutter,3,30020004,SC-RRT-no-ADCS,1,5000,5000,3889,3891,10859,320,4712,678,200.0,0.020045779994688928,147.0,2622.3765481690475,0.8916601209885634,1.007221549982205,2569.237560052704,0.91010213558065,1,4.0,4.0,0.0,0.0,0,0.0,2,4
calibration-3d-03,uniform_clutter,3,30030000,SC-RRT,1,5000,5000,3567,3569,9467,349,4059,679,161.0,0.017316482961177826,140.0,2602.5366806903353,0.8984574963215302,0.9412304409779608,2548.1156760110816,0.9176461697682422,1,1.3973115014543513,1.3973115014543513,0.8704433647331387,0.8704433647331387,99,0.006368578814512853,3,0
calibration-3d-03,uniform_clutter,3,30030000,SC-RRT-no-ADCS,1,5000,5000,3932,3934,10605,284,4429,641,161.0,0.01782822795212269,140.0,2602.5366806903353,0.8984574963215302,1.007592735986691,2556.699296041279,0.9145653514429691,1,4.0,4.0,0.0,0.0,0,0.0,3,0
calibration-3d-03,uniform_clutter,3,30030000,SC-RRT-no-SSFOR,1,5000,5000,3658,3660,9180,368,4022,655,161.0,0.01744196400977671,140.0,2602.5366806903353,0.8984574963215302,0.9415174290188588,2553.8320751423244,0.9155921460057914,1,1.5,1.5,0.8,0.8,0,0.0,3,0
calibration-3d-03,uniform_clutter,3,30030001,SC-RRT-no-ADCS,1,5000,5000,3885,3887,10779,356,4568,737,240.0,0.02357219101395458,168.0,2910.794099788321,0.8033095128192089,1.0998334239702672,2606.7175446843376,0.8970164776717834,1,4.0,4.0,0.0,0.0,0,0.0,3,1
calibration-3d-03,uniform_clutter,3,30030001,SC-RRT-no-SSFOR,1,5000,5000,3719,3721,9250,344,3868,449,240.0,0.025740115030203015,168.0,2910.794099788321,0.8033095128192089,1.0056610900210217,2707.359879022447,0.8636711389334278,1,1.5,1.5,0.8,0.8,0,0.0,3,1
calibration-3d-03,uniform_clutter,3,30030001,SC-RRT,1,5000,5000,3499,3501,9428,362,4173,724,240.0,0.024543488048948348,168.0,2910.794099788321,0.8033095128192089,0.964166431047488,2580.708137051024,0.9060569681040819,1,1.3197944167197557,1.3197944167197557,0.92526501495311,0.92526501495311,99,0.016006145094778435,3,1
calibration-3d-03,uniform_clutter,3,30030002,SC-RRT-no-SSFOR,1,5000,5000,3687,3689,9213,363,3997,559,147.0,0.016966913011856377,128.0,2571.6134485561975,0.9092613011223666,0.9442370280157775,2557.064452645654,0.9144347487208256,1,1.5,1.5,0.8,0.8,0,0.0,3,2
calibration-3d-03,uniform_clutter,3,30030002,SC-RRT,1,5000,5000,3603,3605,10243,266,4860,1096,147.0,0.015558608982246369,128.0,2571.6134485561975,0.9092613011223666,1.0433242919971235,2519.4462235067595,0.9280883109953432,1,1.3415447381272996,1.3415447381272996,0.9098242384695973,0.9098242384695973,99,0.0206927655423549,3,2
calibration-3d-03,uniform_clutter,3,30030002,SC-RRT-no-ADCS,1,5000,5000,4004,4006,10935,247,4592,720,147.0,0.01676663401303813,128.0,2571.6134485561975,0.9092613011223666,1.0506746679893695,2561.9577478502697,0.912688194089078,1,4.0,4.0,0.0,0.0,0,0.0,3,2
calibration-3d-03,uniform_clutter,3,30030003,SC-RRT,1,5000,5000,3517,3519,10263,311,5030,1186,183.0,0.018666599004063755,145.0,2569.746291800013,0.9099219629888494,1.1127945680054836,2509.805120640807,0.9316534463125862,1,1.3617742300613855,1.3617742300613855,0.8954896561810946,0.8954896561810946,99,0.009589407779652703,3,3
calibration-3d-03,uniform_clutter,3,30030003,SC-RRT-no-ADCS,1,5000,5000,3880,3882,10659,334,4528,704,183.0,0.019686032028403133,145.0,2569.746291800013,0.9099219629888494,1.0028002909966744,2526.660784001896,0.9254382721350021,1,4.0,4.0,0.0,0.0,0,0.0,3,3
calibration-3d-03,uniform_clutter,3,30030003,SC-RRT-no-SSFOR,1,5000,5000,3716,3718,9107,278,3956,496,183.0,0.01925124297849834,145.0,2569.746291800013,0.9099219629888494,0.9150423450046219,2551.256589021331,0.9165164336194622,1,1.5,1.5,0.8,0.8,0,0.0,3,3
calibration-3d-03,uniform_clutter,3,30030004,SC-RRT-no-ADCS,1,5000,5000,3830,3832,10697,389,4576,790,197.0,0.019196573994122446,128.0,2539.6966466473564,0.9206881433279536,1.026371799991466,2526.4925491010727,0.925499895517183,1,4.0,4.0,0.0,0.0,0,0.0,3,4
calibration-3d-03,uniform_clutter,3,30030004,SC-RRT-no-SSFOR,1,5000,5000,3549,3551,8943,369,3901,533,197.0,0.01887627999531105,128.0,2539.6966466473564,0.9206881433279536,0.9051390149979852,2525.8056778682394,0.9257515772913556,1,1.5,1.5,0.8,0.8,0,0.0,3,4
calibration-3d-03,uniform_clutter,3,30030004,SC-RRT,1,5000,5000,3502,3504,9217,386,3907,607,197.0,0.019933153002057225,128.0,2539.6966466473564,0.9206881433279536,0.88055193296168,2529.33907207051,0.924458336186569,1,1.4192198269995904,1.4192198269995904,0.8551327176641674,0.8551327176641674,99,0.003668093324771857,3,4
