environment_id,family,dimension,map_index,seed_index,seed,algorithm,checkpoint,best_cost_mm
calibration-2d-00,uniform_clutter,2,0,0,20000000,SC-RRT,100,nan
calibration-2d-00,uniform_clutter,2,0,0,20000000,SC-RRT,250,nan
calibration-2d-00,uniform_clutter,2,0,0,20000000,SC-RRT,500,nan
calibration-2d-00,uniform_clutter,2,0,0,20000000,SC-RRT,1000,2060.9315875384664
calibration-2d-00,uniform_clutter,2,0,0,20000000,SC-RRT,2000,2056.0151351497097
calibration-2d-00,uniform_clutter,2,0,0,20000000,SC-RRT,3000,2011.9972691917008
calibration-2d-00,uniform_clutter,2,0,0,20000000,SC-RRT,4000,1988.2959837465057
calibration-2d-00,uniform_clutter,2,0,0,20000000,SC-RRT,5000,1976.5639733650619
calibration-2d-00,uniform_clutter,2,0,0,20000000,SC-RRT-no-ADCS,100,nan
calibration-2d-00,uniform_clutter,2,0,0,20000000,SC-RRT-no-ADCS,250,nan
calibration-2d-00,uniform_clutter,2,0,0,20000000,SC-RRT-no-ADCS,500,nan
calibration-2d-00,uniform_clutter,2,0,0,20000000,SC-RRT-no-ADCS,1000,2060.9315875384664
calibration-2d-00,uniform_clutter,2,0,0,20000000,SC-RRT-no-ADCS,2000,2056.0151351497097
calibration-2d-00,uniform_clutter,2,0,0,20000000,SC-RRT-no-ADCS,3000,2026.0955361496722
calibration-2d-00,uniform_clutter,2,0,0,20000000,SC-RRT-no-ADCS,4000,2024.42041130067
calibration-2d-00,uniform_clutter,2,0,0,20000000,SC-RRT-no-ADCS,5000,2014.3080428014907
calibration-2d-00,uniform_clutter,2,0,0,20000000,SC-RRT-no-SSFOR,100,nan
calibration-2d-00,uniform_clutter,2,0,0,20000000,SC-RRT-no-SSFOR,250,nan
calibration-2d-00,uniform_clutter,2,0,0,20000000,SC-RRT-no-SSFOR,500,nan
calibration-2d-00,uniform_clutter,2,0,0,20000000,SC-RRT-no-SSFOR,1000,2053.7168588164245
calibration-2d-00,uniform_clutter,2,0,0,20000000,SC-RRT-no-SSFOR,2000,2042.1542066571103
calibration-2d-00,uniform_clutter,2,0,0,20000000,SC-RRT-no-SSFOR,3000,1982.484785003945
calibration-2d-00,uniform_clutter,2,0,0,20000000,SC-RRT-no-SSFOR,4000,1981.649593849054
calibration-2d-00,uniform_clutter,2,0,0,20000000,SC-RRT-no-SSFOR,5000,1962.8283310495667
calibration-2d-00,uniform_clutter,2,0,1,20000001,SC-RRT-no-ADCS,100,nan
calibration-2d-00,uniform_clutter,2,0,1,20000001,SC-RRT-no-ADCS,250,nan
calibration-2d-00,uniform_clutter,2,0,1,20000001,SC-RRT-no-ADCS,500,2122.2156419650746
calibration-2d-00,uniform_clutter,2,0,1,20000001,SC-RRT-no-ADCS,1000,2113.5462106300865
calibration-2d-00,uniform_clutter,2,0,1,20000001,SC-RRT-no-ADCS,2000,2087.462243749495
calibration-2d-00,uniform_clutter,2,0,1,20000001,SC-RRT-no-ADCS,3000,2054.796257022673
calibration-2d-00,uniform_clutter,2,0,1,20000001,SC-RRT-no-ADCS,4000,2030.4862056324855
calibration-2d-00,uniform_clutter,2,0,1,20000001,SC-RRT-no-ADCS,5000,1986.7234026728593
calibration-2d-00,uniform_clutter,2,0,1,20000001,SC-RRT-no-SSFOR,100,nan
calibration-2d-00,uniform_clutter,2,0,1,20000001,SC-RRT-no-SSFOR,250,nan
calibration-2d-00,uniform_clutter,2,0,1,20000001,SC-RRT-no-SSFOR,500,2117.7243629382738
calibration-2d-00,uniform_clutter,2,0,1,20000001,SC-RRT-no-SSFOR,1000,2113.4811562791388
calibration-2d-00,uniform_clutter,2,0,1,20000001,SC-RRT-no-SSFOR,2000,2064.935964461509
calibration-2d-00,uniform_clutter,2,0,1,20000001,SC-RRT-no-SSFOR,3000,1992.2004962354308
calibration-2d-00,uniform_clutter,2,0,1,20000001,SC-RRT-no-SSFOR,4000,1981.194341474486
calibration-2d-00,uniform_clutter,2,0,1,20000001,SC-RRT-no-SSFOR,5000,1969.715739028729
calibration-2d-00,uniform_clutter,2,0,1,20000001,SC-RRT,100,nan
calibration-2d-00,uniform_clutter,2,0,1,20000001,SC-RRT,250,nan
calibration-2d-00,uniform_clutter,2,0,1,20000001,SC-RRT,500,2122.2156419650746
calibration-2d-00,uniform_clutter,2,0,1,20000001,SC-RRT,1000,2113.5462106300865
calibration-2d-00,uniform_clutter,2,0,1,20000001,SC-RRT,2000,2087.462243749495
calibration-2d-00,uniform_clutter,2,0,1,20000001,SC-RRT,3000,2025.9444073656732
calibration-2d-00,uniform_clutter,2,0,1,20000001,SC-RRT,4000,1979.4968561457576
calibration-2d-00,uniform_clutter,2,0,1,20000001,SC-RRT,5000,1960.6392121359222
calibration-2d-00,uniform_clutter,2,0,2,20000002,SC-RRT-no-SSFOR,100,nan
calibration-2d-00,uniform_clutter,2,0,2,20000002,SC-RRT-no-SSFOR,250,nan
calibration-2d-00,uniform_clutter,2,0,2,20000002,SC-RRT-no-SSFOR,500,2111.2087692593423
calibration-2d-00,uniform_clutter,2,0,2,20000002,SC-RRT-no-SSFOR,1000,2019.4417318325302
calibration-2d-00,uniform_clutter,2,0,2,20000002,SC-RRT-no-SSFOR,2000,2007.824781931502
calibration-2d-00,uniform_clutter,2,0,2,20000002,SC-RRT-no-SSFOR,3000,2003.6521812814444
calibration-2d-00,uniform_clutter,2,0,2,20000002,SC-RRT-no-SSFOR,4000,1996.8038244349439
calibration-2d-00,uniform_clutter,2,0,2,20000002,SC-RRT-no-SSFOR,5000,1987.2587065654925
calibration-2d-00,uniform_clutter,2,0,2,20000002,SC-RRT,100,nan
calibration-2d-00,uniform_clutter,2,0,2,20000002,SC-RRT,250,nan
calibration-2d-00,uniform_clutter,2,0,2,20000002,SC-RRT,500,2085.3376014233404
calibration-2d-00,uniform_clutter,2,0,2,20000002,SC-RRT,1000,2079.415633515024
calibration-2d-00,uniform_clutter,2,0,2,20000002,SC-RRT,2000,2023.3465216226018
calibration-2d-00,uniform_clutter,2,0,2,20000002,SC-RRT,3000,1986.5042947640438
calibration-2d-00,uniform_clutter,2,0,2,20000002,SC-RRT,4000,1964.7490790436148
calibration-2d-00,uniform_clutter,2,0,2,20000002,SC-RRT,5000,1956.109095787611
calibration-2d-00,uniform_clutter,2,0,2,20000002,SC-RRT-no-ADCS,100,nan
calibration-2d-00,uniform_clutter,2,0,2,20000002,SC-RRT-no-ADCS,250,nan
calibration-2d-00,uniform_clutter,2,0,2,20000002,SC-RRT-no-ADCS,500,2085.3376014233404
calibration-2d-00,uniform_clutter,2,0,2,20000002,SC-RRT-no-ADCS,1000,2079.415633515024
calibration-2d-00,uniform_clutter,2,0,2,20000002,SC-RRT-no-ADCS,2000,2023.3465216226018
calibration-2d-00,uniform_clutter,2,0,2,20000002,SC-RRT-no-ADCS,3000,2013.0777396675426
calibration-2d-00,uniform_clutter,2,0,2,20000002,SC-RRT-no-ADCS,4000,1999.6090858365305
calibration-2d-00,uniform_clutter,2,0,2,20000002,SC-RRT-no-ADCS,5000,1992.0038228864282
calibration-2d-00,uniform_clutter,2,0,3,20000003,SC-RRT,100,nan
calibration-2d-00,uniform_clutter,2,0,3,20000003,SC-RRT,250,2127.652364820197
calibration-2d-00,uniform_clutter,2,0,3,20000003,SC-RRT,500,2114.8565954520805
calibration-2d-00,uniform_clutter,2,0,3,20000003,SC-RRT,1000,2114.8565954520805
calibration-2d-00,uniform_clutter,2,0,3,20000003,SC-RRT,2000,2114.8565954520805
calibration-2d-00,uniform_clutter,2,0,3,20000003,SC-RRT,3000,2057.7621812512007
calibration-2d-00,uniform_clutter,2,0,3,20000003,SC-RRT,4000,1974.376188974023
calibration-2d-00,uniform_clutter,2,0,3,20000003,SC-RRT,5000,1963.173527058123
calibration-2d-00,uniform_clutter,2,0,3,20000003,SC-RRT-no-ADCS,100,nan
calibration-2d-00,uniform_clutter,2,0,3,20000003,SC-RRT-no-ADCS,250,2127.652364820197
calibration-2d-00,uniform_clutter,2,0,3,20000003,SC-RRT-no-ADCS,500,2114.8565954520805
calibration-2d-00,uniform_clutter,2,0,3,20000003,SC-RRT-no-ADCS,1000,2114.8565954520805
calibration-2d-00,uniform_clutter,2,0,3,20000003,SC-RRT-no-ADCS,2000,2114.8565954520805
calibration-2d-00,uniform_clutter,2,0,3,20000003,SC-RRT-no-ADCS,3000,2067.4364198142803
calibration-2d-00,uniform_clutter,2,0,3,20000003,SC-RRT-no-ADCS,4000,2018.6214112318642
calibration-2d-00,uniform_clutter,2,0,3,20000003,SC-RRT-no-ADCS,5000,1979.2821888980986
calibration-2d-00,uniform_clutter,2,0,3,20000003,SC-RRT-no-SSFOR,100,nan
calibration-2d-00,uniform_clutter,2,0,3,20000003,SC-RRT-no-SSFOR,250,2185.1963906376586
calibration-2d-00,uniform_clutter,2,0,3,20000003,SC-RRT-no-SSFOR,500,2132.553998746469
calibration-2d-00,uniform_clutter,2,0,3,20000003,SC-RRT-no-SSFOR,1000,2123.2625175398034
calibration-2d-00,uniform_clutter,2,0,3,20000003,SC-RRT-no-SSFOR,2000,2092.0978957112
calibration-2d-00,uniform_clutter,2,0,3,20000003,SC-RRT-no-SSFOR,3000,2043.640870348352
calibration-2d-00,uniform_clutter,2,0,3,20000003,SC-RRT-no-SSFOR,4000,2042.1075692431173
calibration-2d-00,uniform_clutter,2,0,3,20000003,SC-RRT-no-SSFOR,5000,2032.110908835837
calibration-2d-00,uniform_clutter,2,0,4,20000004,SC-RRT-no-ADCS,100,nan
calibration-2d-00,uniform_clutter,2,0,4,20000004,SC-RRT-no-ADCS,250,nan
calibration-2d-00,uniform_clutter,2,0,4,20000004,SC-RRT-no-ADCS,500,2131.551041900628
calibration-2d-00,uniform_clutter,2,0,4,20000004,SC-RRT-no-ADCS,1000,2016.304720322411
calibration-2d-00,uniform_clutter,2,0,4,20000004,SC-RRT-no-ADCS,2000,2006.6708633288729
calibration-2d-00,uniform_clutter,2,0,4,20000004,SC-RRT-no-ADCS,3000,1994.7382647445825
calibration-2d-00,uniform_clutter,2,0,4,20000004,SC-RRT-no-ADCS,4000,1987.6590282880127
calibration-2d-00,uniform_clutter,2,0,4,20000004,SC-RRT-no-ADCS,5000,1983.0890394633418
calibration-2d-00,uniform_clutter,2,0,4,20000004,SC-RRT-no-SSFOR,100,nan
calibration-2d-00,uniform_clutter,2,0,4,20000004,SC-RRT-no-SSFOR,250,nan
calibration-2d-00,uniform_clutter,2,0,4,20000004,SC-RRT-no-SSFOR,500,2184.9917800373287
calibration-2d-00,uniform_clutter,2,0,4,20000004,SC-RRT-no-SSFOR,1000,2173.143835668875
calibration-2d-00,uniform_clutter,2,0,4,20000004,SC-RRT-no-SSFOR,2000,2132.782921402793
calibration-2d-00,uniform_clutter,2,0,4,20000004,SC-RRT-no-SSFOR,3000,1997.4136229331639
calibration-2d-00,uniform_clutter,2,0,4,20000004,SC-RRT-no-SSFOR,4000,1985.9142418153924
calibration-2d-00,uniform_clutter,2,0,4,20000004,SC-RRT-no-SSFOR,5000,1981.0857056121479
calibration-2d-00,uniform_clutter,2,0,4,20000004,SC-RRT,100,nan
calibration-2d-00,uniform_clutter,2,0,4,20000004,SC-RRT,250,nan
calibration-2d-00,uniform_clutter,2,0,4,20000004,SC-RRT,500,2131.551041900628
calibration-2d-00,uniform_clutter,2,0,4,20000004,SC-RRT,1000,2016.304720322411
calibration-2d-00,uniform_clutter,2,0,4,20000004,SC-RRT,2000,2006.6708633288729
calibration-2d-00,uniform_clutter,2,0,4,20000004,SC-RRT,3000,1995.479958016437
calibration-2d-00,uniform_clutter,2,0,4,20000004,SC-RRT,4000,1974.8679541784848
calibration-2d-00,uniform_clutter,2,0,4,20000004,SC-RRT,5000,1959.2676475169703
calibration-2d-01,central_cluster,2,1,0,20010000,SC-RRT-no-SSFOR,100,nan
calibration-2d-01,central_cluster,2,1,0,20010000,SC-RRT-no-SSFOR,250,nan
calibration-2d-01,central_cluster,2,1,0,20010000,SC-RRT-no-SSFOR,500,nan
calibration-2d-01,central_cluster,2,1,0,20010000,SC-RRT-no-SSFOR,1000,nan
calibration-2d-01,central_cluster,2,1,0,20010000,SC-RRT-no-SSFOR,2000,2510.8407207143405
calibration-2d-01,central_cluster,2,1,0,20010000,SC-RRT-no-SSFOR,3000,2387.5027228487793
calibration-2d-01,central_cluster,2,1,0,20010000,SC-RRT-no-SSFOR,4000,2284.570226404207
calibration-2d-01,central_cluster,2,1,0,20010000,SC-RRT-no-SSFOR,5000,2240.3850302063443
calibration-2d-01,central_cluster,2,1,0,20010000,SC-RRT,100,nan
calibration-2d-01,central_cluster,2,1,0,20010000,SC-RRT,250,nan
calibration-2d-01,central_cluster,2,1,0,20010000,SC-RRT,500,nan
calibration-2d-01,central_cluster,2,1,0,20010000,SC-RRT,1000,nan
calibration-2d-01,central_cluster,2,1,0,20010000,SC-RRT,2000,2532.1441865308643
calibration-2d-01,central_cluster,2,1,0,20010000,SC-RRT,3000,2460.437619899251
calibration-2d-01,central_cluster,2,1,0,20010000,SC-RRT,4000,2337.9913369844053
calibration-2d-01,central_cluster,2,1,0,20010000,SC-RRT,5000,2160.1759195338036
calibration-2d-01,central_cluster,2,1,0,20010000,SC-RRT-no-ADCS,100,nan
calibration-2d-01,central_cluster,2,1,0,20010000,SC-RRT-no-ADCS,250,nan
calibration-2d-01,central_cluster,2,1,0,20010000,SC-RRT-no-ADCS,500,nan
calibration-2d-01,central_cluster,2,1,0,20010000,SC-RRT-no-ADCS,1000,nan
calibration-2d-01,central_cluster,2,1,0,20010000,SC-RRT-no-ADCS,2000,2532.1441865308643
calibration-2d-01,central_cluster,2,1,0,20010000,SC-RRT-no-ADCS,3000,2483.307597747015
calibration-2d-01,central_cluster,2,1,0,20010000,SC-RRT-no-ADCS,4000,2347.5133293698873
calibration-2d-01,central_cluster,2,1,0,20010000,SC-RRT-no-ADCS,5000,2311.811615938025
calibration-2d-01,central_cluster,2,1,1,20010001,SC-RRT,100,nan
calibration-2d-01,central_cluster,2,1,1,20010001,SC-RRT,250,nan
calibration-2d-01,central_cluster,2,1,1,20010001,SC-RRT,500,2299.2993524333756
calibration-2d-01,central_cluster,2,1,1,20010001,SC-RRT,1000,2281.594503398313
calibration-2d-01,central_cluster,2,1,1,20010001,SC-RRT,2000,2198.680727088436
calibration-2d-01,central_cluster,2,1,1,20010001,SC-RRT,3000,2193.238600526212
calibration-2d-01,central_cluster,2,1,1,20010001,SC-RRT,4000,2148.043347944407
calibration-2d-01,central_cluster,2,1,1,20010001,SC-RRT,5000,2122.6751378644376
calibration-2d-01,central_cluster,2,1,1,20010001,SC-RRT-no-ADCS,100,nan
calibration-2d-01,central_cluster,2,1,1,20010001,SC-RRT-no-ADCS,250,nan
calibration-2d-01,central_cluster,2,1,1,20010001,SC-RRT-no-ADCS,500,2299.2993524333756
calibration-2d-01,central_cluster,2,1,1,20010001,SC-RRT-no-ADCS,1000,2281.594503398313
calibration-2d-01,central_cluster,2,1,1,20010001,SC-RRT-no-ADCS,2000,2198.680727088436
calibration-2d-01,central_cluster,2,1,1,20010001,SC-RRT-no-ADCS,3000,2194.1308559927993
calibration-2d-01,central_cluster,2,1,1,20010001,SC-RRT-no-ADCS,4000,2153.0371822959914
calibration-2d-01,central_cluster,2,1,1,20010001,SC-RRT-no-ADCS,5000,2110.9588809911625
calibration-2d-01,central_cluster,2,1,1,20010001,SC-RRT-no-SSFOR,100,nan
calibration-2d-01,central_cluster,2,1,1,20010001,SC-RRT-no-SSFOR,250,nan
calibration-2d-01,central_cluster,2,1,1,20010001,SC-RRT-no-SSFOR,500,2306.539055082033
calibration-2d-01,central_cluster,2,1,1,20010001,SC-RRT-no-SSFOR,1000,2278.4633804531472
calibration-2d-01,central_cluster,2,1,1,20010001,SC-RRT-no-SSFOR,2000,2214.9249439916675
calibration-2d-01,central_cluster,2,1,1,20010001,SC-RRT-no-SSFOR,3000,2157.360025411321
calibration-2d-01,central_cluster,2,1,1,20010001,SC-RRT-no-SSFOR,4000,2134.154761499254
calibration-2d-01,central_cluster,2,1,1,20010001,SC-RRT-no-SSFOR,5000,2117.682865386585
calibration-2d-01,central_cluster,2,1,2,20010002,SC-RRT-no-ADCS,100,nan
calibration-2d-01,central_cluster,2,1,2,20010002,SC-RRT-no-ADCS,250,nan
calibration-2d-01,central_cluster,2,1,2,20010002,SC-RRT-no-ADCS,500,nan
calibration-2d-01,central_cluster,2,1,2,20010002,SC-RRT-no-ADCS,1000,2325.5653739777053
calibration-2d-01,central_cluster,2,1,2,20010002,SC-RRT-no-ADCS,2000,2184.9222637704934
calibration-2d-01,central_cluster,2,1,2,20010002,SC-RRT-no-ADCS,3000,2181.340645432257
calibration-2d-01,central_cluster,2,1,2,20010002,SC-RRT-no-ADCS,4000,2168.0495477316467
calibration-2d-01,central_cluster,2,1,2,20010002,SC-RRT-no-ADCS,5000,2168.0495477316467
calibration-2d-01,central_cluster,2,1,2,20010002,SC-RRT-no-SSFOR,100,nan
calibration-2d-01,central_cluster,2,1,2,20010002,SC-RRT-no-SSFOR,250,nan
calibration-2d-01,central_cluster,2,1,2,20010002,SC-RRT-no-SSFOR,500,nan
calibration-2d-01,central_cluster,2,1,2,20010002,SC-RRT-no-SSFOR,1000,2323.7530506717617
calibration-2d-01,central_cluster,2,1,2,20010002,SC-RRT-no-SSFOR,2000,2293.781555611497
calibration-2d-01,central_cluster,2,1,2,20010002,SC-RRT-no-SSFOR,3000,2129.765474121665
calibration-2d-01,central_cluster,2,1,2,20010002,SC-RRT-no-SSFOR,4000,2122.776611181357
calibration-2d-01,central_cluster,2,1,2,20010002,SC-RRT-no-SSFOR,5000,2114.8332647872226
calibration-2d-01,central_cluster,2,1,2,20010002,SC-RRT,100,nan
calibration-2d-01,central_cluster,2,1,2,20010002,SC-RRT,250,nan
calibration-2d-01,central_cluster,2,1,2,20010002,SC-RRT,500,nan
calibration-2d-01,central_cluster,2,1,2,20010002,SC-RRT,1000,2325.5653739777053
calibration-2d-01,central_cluster,2,1,2,20010002,SC-RRT,2000,2184.9222637704934
calibration-2d-01,central_cluster,2,1,2,20010002,SC-RRT,3000,2159.7069886733893
calibration-2d-01,central_cluster,2,1,2,20010002,SC-RRT,4000,2073.0691452049155
calibration-2d-01,central_cluster,2,1,2,20010002,SC-RRT,5000,2065.090679841933
calibration-2d-01,central_cluster,2,1,3,20010003,SC-RRT-no-SSFOR,100,nan
calibration-2d-01,central_cluster,2,1,3,20010003,SC-RRT-no-SSFOR,250,nan
calibration-2d-01,central_cluster,2,1,3,20010003,SC-RRT-no-SSFOR,500,2306.7558376706556
calibration-2d-01,central_cluster,2,1,3,20010003,SC-RRT-no-SSFOR,1000,2295.408697408773
calibration-2d-01,central_cluster,2,1,3,20010003,SC-RRT-no-SSFOR,2000,2212.4866811863517
calibration-2d-01,central_cluster,2,1,3,20010003,SC-RRT-no-SSFOR,3000,2208.1492036143813
calibration-2d-01,central_cluster,2,1,3,20010003,SC-RRT-no-SSFOR,4000,2197.3127275470583
calibration-2d-01,central_cluster,2,1,3,20010003,SC-RRT-no-SSFOR,5000,2180.0560761757038
calibration-2d-01,central_cluster,2,1,3,20010003,SC-RRT,100,nan
calibration-2d-01,central_cluster,2,1,3,20010003,SC-RRT,250,nan
calibration-2d-01,central_cluster,2,1,3,20010003,SC-RRT,500,2306.7558376706556
calibration-2d-01,central_cluster,2,1,3,20010003,SC-RRT,1000,2291.5964509226637
calibration-2d-01,central_cluster,2,1,3,20010003,SC-RRT,2000,2269.3185364370656
calibration-2d-01,central_cluster,2,1,3,20010003,SC-RRT,3000,2230.9101178983456
calibration-2d-01,central_cluster,2,1,3,20010003,SC-RRT,4000,2210.9526373787794
calibration-2d-01,central_cluster,2,1,3,20010003,SC-RRT,5000,2183.2373018892313
calibration-2d-01,central_cluster,2,1,3,20010003,SC-RRT-no-ADCS,100,nan
calibration-2d-01,central_cluster,2,1,3,20010003,SC-RRT-no-ADCS,250,nan
calibration-2d-01,central_cluster,2,1,3,20010003,SC-RRT-no-ADCS,500,2306.7558376706556
calibration-2d-01,central_cluster,2,1,3,20010003,SC-RRT-no-ADCS,1000,2291.5964509226637
calibration-2d-01,central_cluster,2,1,3,20010003,SC-RRT-no-ADCS,2000,2269.3185364370656
calibration-2d-01,central_cluster,2,1,3,20010003,SC-RRT-no-ADCS,3000,2238.555644751257
calibration-2d-01,central_cluster,2,1,3,20010003,SC-RRT-no-ADCS,4000,2206.374657501774
calibration-2d-01,central_cluster,2,1,3,20010003,SC-RRT-no-ADCS,5000,2187.181677008941
calibration-2d-01,central_cluster,2,1,4,20010004,SC-RRT,100,nan
calibration-2d-01,central_cluster,2,1,4,20010004,SC-RRT,250,nan
calibration-2d-01,central_cluster,2,1,4,20010004,SC-RRT,500,nan
calibration-2d-01,central_cluster,2,1,4,20010004,SC-RRT,1000,nan
calibration-2d-01,central_cluster,2,1,4,20010004,SC-RRT,2000,2212.5935260895694
calibration-2d-01,central_cluster,2,1,4,20010004,SC-RRT,3000,2191.0835633632496
calibration-2d-01,central_cluster,2,1,4,20010004,SC-RRT,4000,2173.878944633922
calibration-2d-01,central_cluster,2,1,4,20010004,SC-RRT,5000,2107.321836064519
calibration-2d-01,central_cluster,2,1,4,20010004,SC-RRT-no-ADCS,100,nan
calibration-2d-01,central_cluster,2,1,4,20010004,SC-RRT-no-ADCS,250,nan
calibration-2d-01,central_cluster,2,1,4,20010004,SC-RRT-no-ADCS,500,nan
calibration-2d-01,central_cluster,2,1,4,20010004,SC-RRT-no-ADCS,1000,nan
calibration-2d-01,central_cluster,2,1,4,20010004,SC-RRT-no-ADCS,2000,2212.5935260895694
calibration-2d-01,central_cluster,2,1,4,20010004,SC-RRT-no-ADCS,3000,2190.786311291921
calibration-2d-01,central_cluster,2,1,4,20010004,SC-RRT-no-ADCS,4000,2177.847978768268
calibration-2d-01,central_cluster,2,1,4,20010004,SC-RRT-no-ADCS,5000,2174.499007565436
calibration-2d-01,central_cluster,2,1,4,20010004,SC-RRT-no-SSFOR,100,nan
calibration-2d-01,central_cluster,2,1,4,20010004,SC-RRT-no-SSFOR,250,nan
calibration-2d-01,central_cluster,2,1,4,20010004,SC-RRT-no-SSFOR,500,nan
calibration-2d-01,central_cluster,2,1,4,20010004,SC-RRT-no-SSFOR,1000,nan
calibration-2d-01,central_cluster,2,1,4,20010004,SC-RRT-no-SSFOR,2000,2234.0232522890274
calibration-2d-01,central_cluster,2,1,4,20010004,SC-RRT-no-SSFOR,3000,2200.328645664795
calibration-2d-01,central_cluster,2,1,4,20010004,SC-RRT-no-SSFOR,4000,2188.2275202543087
calibration-2d-01,central_cluster,2,1,4,20010004,SC-RRT-no-SSFOR,5000,2155.922618142168
calibration-2d-02,slab_clutter,2,2,0,20020000,SC-RRT-no-ADCS,100,nan
calibration-2d-02,slab_clutter,2,2,0,20020000,SC-RRT-no-ADCS,250,2032.1177942369388
calibration-2d-02,slab_clutter,2,2,0,20020000,SC-RRT-no-ADCS,500,2028.218687958545
calibration-2d-02,slab_clutter,2,2,0,20020000,SC-RRT-no-ADCS,1000,2018.0438794101644
calibration-2d-02,slab_clutter,2,2,0,20020000,SC-RRT-no-ADCS,2000,2003.2266147863438
calibration-2d-02,slab_clutter,2,2,0,20020000,SC-RRT-no-ADCS,3000,1996.7918314123701
calibration-2d-02,slab_clutter,2,2,0,20020000,SC-RRT-no-ADCS,4000,1991.6100924304471
calibration-2d-02,slab_clutter,2,2,0,20020000,SC-RRT-no-ADCS,5000,1981.6883705875186
calibration-2d-02,slab_clutter,2,2,0,20020000,SC-RRT-no-SSFOR,100,nan
calibration-2d-02,slab_clutter,2,2,0,20020000,SC-RRT-no-SSFOR,250,2032.7691276976154
calibration-2d-02,slab_clutter,2,2,0,20020000,SC-RRT-no-SSFOR,500,2032.6342718469261
calibration-2d-02,slab_clutter,2,2,0,20020000,SC-RRT-no-SSFOR,1000,2004.9716972012081
calibration-2d-02,slab_clutter,2,2,0,20020000,SC-RRT-no-SSFOR,2000,1974.4494288968563
calibration-2d-02,slab_clutter,2,2,0,20020000,SC-RRT-no-SSFOR,3000,1966.2572563122824
calibration-2d-02,slab_clutter,2,2,0,20020000,SC-RRT-no-SSFOR,4000,1956.5663745961224
calibration-2d-02,slab_clutter,2,2,0,20020000,SC-RRT-no-SSFOR,5000,1954.2854118923462
calibration-2d-02,slab_clutter,2,2,0,20020000,SC-RRT,100,nan
calibration-2d-02,slab_clutter,2,2,0,20020000,SC-RRT,250,2032.1177942369388
calibration-2d-02,slab_clutter,2,2,0,20020000,SC-RRT,500,2028.218687958545
calibration-2d-02,slab_clutter,2,2,0,20020000,SC-RRT,1000,2018.0438794101644
calibration-2d-02,slab_clutter,2,2,0,20020000,SC-RRT,2000,2003.2266147863438
calibration-2d-02,slab_clutter,2,2,0,20020000,SC-RRT,3000,1994.8501737525537
calibration-2d-02,slab_clutter,2,2,0,20020000,SC-RRT,4000,1975.6017709682812
calibration-2d-02,slab_clutter,2,2,0,20020000,SC-RRT,5000,1944.885310833618
calibration-2d-02,slab_clutter,2,2,1,20020001,SC-RRT-no-SSFOR,100,nan
calibration-2d-02,slab_clutter,2,2,1,20020001,SC-RRT-no-SSFOR,250,nan
calibration-2d-02,slab_clutter,2,2,1,20020001,SC-RRT-no-SSFOR,500,2068.0400612390663
calibration-2d-02,slab_clutter,2,2,1,20020001,SC-RRT-no-SSFOR,1000,2042.5821293023419
calibration-2d-02,slab_clutter,2,2,1,20020001,SC-RRT-no-SSFOR,2000,2009.8205647126756
calibration-2d-02,slab_clutter,2,2,1,20020001,SC-RRT-no-SSFOR,3000,2003.6851437739867
calibration-2d-02,slab_clutter,2,2,1,20020001,SC-RRT-no-SSFOR,4000,1994.9776650377285
calibration-2d-02,slab_clutter,2,2,1,20020001,SC-RRT-no-SSFOR,5000,1984.9599940941785
calibration-2d-02,slab_clutter,2,2,1,20020001,SC-RRT,100,nan
calibration-2d-02,slab_clutter,2,2,1,20020001,SC-RRT,250,nan
calibration-2d-02,slab_clutter,2,2,1,20020001,SC-RRT,500,2067.05462554005
calibration-2d-02,slab_clutter,2,2,1,20020001,SC-RRT,1000,2064.2469983577344
calibration-2d-02,slab_clutter,2,2,1,20020001,SC-RRT,2000,2048.555110368684
calibration-2d-02,slab_clutter,2,2,1,20020001,SC-RRT,3000,1975.317770385835
calibration-2d-02,slab_clutter,2,2,1,20020001,SC-RRT,4000,1946.661168765483
calibration-2d-02,slab_clutter,2,2,1,20020001,SC-RRT,5000,1928.0517530237776
calibration-2d-02,slab_clutter,2,2,1,20020001,SC-RRT-no-ADCS,100,nan
calibration-2d-02,slab_clutter,2,2,1,20020001,SC-RRT-no-ADCS,250,nan
calibration-2d-02,slab_clutter,2,2,1,20020001,SC-RRT-no-ADCS,500,2067.05462554005
calibration-2d-02,slab_clutter,2,2,1,20020001,SC-RRT-no-ADCS,1000,2064.2469983577344
calibration-2d-02,slab_clutter,2,2,1,20020001,SC-RRT-no-ADCS,2000,2048.555110368684
calibration-2d-02,slab_clutter,2,2,1,20020001,SC-RRT-no-ADCS,3000,2032.1981555208615
calibration-2d-02,slab_clutter,2,2,1,20020001,SC-RRT-no-ADCS,4000,2016.4636701855272
calibration-2d-02,slab_clutter,2,2,1,20020001,SC-RRT-no-ADCS,5000,1992.1224702676948
calibration-2d-02,slab_clutter,2,2,2,20020002,SC-RRT,100,nan
calibration-2d-02,slab_clutter,2,2,2,20020002,SC-RRT,250,nan
calibration-2d-02,slab_clutter,2,2,2,20020002,SC-RRT,500,2143.1871149372905
calibration-2d-02,slab_clutter,2,2,2,20020002,SC-RRT,1000,2129.8302543009554
calibration-2d-02,slab_clutter,2,2,2,20020002,SC-RRT,2000,2074.0216962650056
calibration-2d-02,slab_clutter,2,2,2,20020002,SC-RRT,3000,2035.5799461765798
calibration-2d-02,slab_clutter,2,2,2,20020002,SC-RRT,4000,2006.3785009067158
calibration-2d-02,slab_clutter,2,2,2,20020002,SC-RRT,5000,1978.9381847543705
calibration-2d-02,slab_clutter,2,2,2,20020002,SC-RRT-no-ADCS,100,nan
calibration-2d-02,slab_clutter,2,2,2,20020002,SC-RRT-no-ADCS,250,nan
calibration-2d-02,slab_clutter,2,2,2,20020002,SC-RRT-no-ADCS,500,2143.1871149372905
calibration-2d-02,slab_clutter,2,2,2,20020002,SC-RRT-no-ADCS,1000,2129.8302543009554
calibration-2d-02,slab_clutter,2,2,2,20020002,SC-RRT-no-ADCS,2000,2074.0216962650056
calibration-2d-02,slab_clutter,2,2,2,20020002,SC-RRT-no-ADCS,3000,2038.012236591549
calibration-2d-02,slab_clutter,2,2,2,20020002,SC-RRT-no-ADCS,4000,2022.6067760250735
calibration-2d-02,slab_clutter,2,2,2,20020002,SC-RRT-no-ADCS,5000,2022.6067760250735
calibration-2d-02,slab_clutter,2,2,2,20020002,SC-RRT-no-SSFOR,100,nan
calibration-2d-02,slab_clutter,2,2,2,20020002,SC-RRT-no-SSFOR,250,nan
calibration-2d-02,slab_clutter,2,2,2,20020002,SC-RRT-no-SSFOR,500,2158.445424731878
calibration-2d-02,slab_clutter,2,2,2,20020002,SC-RRT-no-SSFOR,1000,2121.3828994220053
calibration-2d-02,slab_clutter,2,2,2,20020002,SC-RRT-no-SSFOR,2000,2052.1339457818535
calibration-2d-02,slab_clutter,2,2,2,20020002,SC-RRT-no-SSFOR,3000,1993.9243335409026
calibration-2d-02,slab_clutter,2,2,2,20020002,SC-RRT-no-SSFOR,4000,1984.5271641903405
calibration-2d-02,slab_clutter,2,2,2,20020002,SC-RRT-no-SSFOR,5000,1982.2076866442412
calibration-2d-02,slab_clutter,2,2,3,20020003,SC-RRT-no-ADCS,100,nan
calibration-2d-02,slab_clutter,2,2,3,20020003,SC-RRT-no-ADCS,250,nan
calibration-2d-02,slab_clutter,2,2,3,20020003,SC-RRT-no-ADCS,500,nan
calibration-2d-02,slab_clutter,2,2,3,20020003,SC-RRT-no-ADCS,1000,2157.261544280573
calibration-2d-02,slab_clutter,2,2,3,20020003,SC-RRT-no-ADCS,2000,2155.8390601768424
calibration-2d-02,slab_clutter,2,2,3,20020003,SC-RRT-no-ADCS,3000,2145.014124236504
calibration-2d-02,slab_clutter,2,2,3,20020003,SC-RRT-no-ADCS,4000,2092.2699386670665
calibration-2d-02,slab_clutter,2,2,3,20020003,SC-RRT-no-ADCS,5000,2018.626147799584
calibration-2d-02,slab_clutter,2,2,3,20020003,SC-RRT-no-SSFOR,100,nan
calibration-2d-02,slab_clutter,2,2,3,20020003,SC-RRT-no-SSFOR,250,nan
calibration-2d-02,slab_clutter,2,2,3,20020003,SC-RRT-no-SSFOR,500,nan
calibration-2d-02,slab_clutter,2,2,3,20020003,SC-RRT-no-SSFOR,1000,2134.994317633841
calibration-2d-02,slab_clutter,2,2,3,20020003,SC-RRT-no-SSFOR,2000,2096.5608792948315
calibration-2d-02,slab_clutter,2,2,3,20020003,SC-RRT-no-SSFOR,3000,2013.6885248112178
calibration-2d-02,slab_clutter,2,2,3,20020003,SC-RRT-no-SSFOR,4000,2007.5884057656658
calibration-2d-02,slab_clutter,2,2,3,20020003,SC-RRT-no-SSFOR,5000,1996.5325297442084
calibration-2d-02,slab_clutter,2,2,3,20020003,SC-RRT,100,nan
calibration-2d-02,slab_clutter,2,2,3,20020003,SC-RRT,250,nan
calibration-2d-02,slab_clutter,2,2,3,20020003,SC-RRT,500,nan
calibration-2d-02,slab_clutter,2,2,3,20020003,SC-RRT,1000,2157.261544280573
calibration-2d-02,slab_clutter,2,2,3,20020003,SC-RRT,2000,2155.8390601768424
calibration-2d-02,slab_clutter,2,2,3,20020003,SC-RRT,3000,2143.2003099132753
calibration-2d-02,slab_clutter,2,2,3,20020003,SC-RRT,4000,2124.5906306698193
calibration-2d-02,slab_clutter,2,2,3,20020003,SC-RRT,5000,1977.8614252529678
calibration-2d-02,slab_clutter,2,2,4,20020004,SC-RRT-no-SSFOR,100,nan
calibration-2d-02,slab_clutter,2,2,4,20020004,SC-RRT-no-SSFOR,250,nan
calibration-2d-02,slab_clutter,2,2,4,20020004,SC-RRT-no-SSFOR,500,2038.777646037605
calibration-2d-02,slab_clutter,2,2,4,20020004,SC-RRT-no-SSFOR,1000,2038.777646037605
calibration-2d-02,slab_clutter,2,2,4,20020004,SC-RRT-no-SSFOR,2000,1979.3852176885068
calibration-2d-02,slab_clutter,2,2,4,20020004,SC-RRT-no-SSFOR,3000,1952.2158654251614
calibration-2d-02,slab_clutter,2,2,4,20020004,SC-RRT-no-SSFOR,4000,1948.4572753627572
calibration-2d-02,slab_clutter,2,2,4,20020004,SC-RRT-no-SSFOR,5000,1942.64173389922
calibration-2d-02,slab_clutter,2,2,4,20020004,SC-RRT,100,nan
calibration-2d-02,slab_clutter,2,2,4,20020004,SC-RRT,250,nan
calibration-2d-02,slab_clutter,2,2,4,20020004,SC-RRT,500,2119.9864222788347
calibration-2d-02,slab_clutter,2,2,4,20020004,SC-RRT,1000,2101.4480237330054
calibration-2d-02,slab_clutter,2,2,4,20020004,SC-RRT,2000,2089.2958022087096
calibration-2d-02,slab_clutter,2,2,4,20020004,SC-RRT,3000,2078.0329340744447
calibration-2d-02,slab_clutter,2,2,4,20020004,SC-RRT,4000,2059.851754578903
calibration-2d-02,slab_clutter,2,2,4,20020004,SC-RRT,5000,2013.4044409084586
calibration-2d-02,slab_clutter,2,2,4,20020004,SC-RRT-no-ADCS,100,nan
calibration-2d-02,slab_clutter,2,2,4,20020004,SC-RRT-no-ADCS,250,nan
calibration-2d-02,slab_clutter,2,2,4,20020004,SC-RRT-no-ADCS,500,2119.9864222788347
calibration-2d-02,slab_clutter,2,2,4,20020004,SC-RRT-no-ADCS,1000,2101.4480237330054
calibration-2d-02,slab_clutter,2,2,4,20020004,SC-RRT-no-ADCS,2000,2089.2958022087096
calibration-2d-02,slab_clutter,2,2,4,20020004,SC-RRT-no-ADCS,3000,2078.0329340744447
calibration-2d-02,slab_clutter,2,2,4,20020004,SC-RRT-no-ADCS,4000,2067.916980563259
calibration-2d-02,slab_clutter,2,2,4,20020004,SC-RRT-no-ADCS,5000,2055.6147957290445
calibration-2d-03,uniform_clutter,2,3,0,20030000,SC-RRT,100,nan
calibration-2d-03,uniform_clutter,2,3,0,20030000,SC-RRT,250,nan
calibration-2d-03,uniform_clutter,2,3,0,20030000,SC-RRT,500,nan
calibration-2d-03,uniform_clutter,2,3,0,20030000,SC-RRT,1000,2067.926162806692
calibration-2d-03,uniform_clutter,2,3,0,20030000,SC-RRT,2000,2056.69488864187
calibration-2d-03,uniform_clutter,2,3,0,20030000,SC-RRT,3000,2023.7282677344983
calibration-2d-03,uniform_clutter,2,3,0,20030000,SC-RRT,4000,2000.570525488985
calibration-2d-03,uniform_clutter,2,3,0,20030000,SC-RRT,5000,1977.6378148525012
calibration-2d-03,uniform_clutter,2,3,0,20030000,SC-RRT-no-ADCS,100,nan
calibration-2d-03,uniform_clutter,2,3,0,20030000,SC-RRT-no-ADCS,250,nan
calibration-2d-03,uniform_clutter,2,3,0,20030000,SC-RRT-no-ADCS,500,nan
calibration-2d-03,uniform_clutter,2,3,0,20030000,SC-RRT-no-ADCS,1000,2067.926162806692
calibration-2d-03,uniform_clutter,2,3,0,20030000,SC-RRT-no-ADCS,2000,2056.69488864187
calibration-2d-03,uniform_clutter,2,3,0,20030000,SC-RRT-no-ADCS,3000,2056.69488864187
calibration-2d-03,uniform_clutter,2,3,0,20030000,SC-RRT-no-ADCS,4000,2037.3603709446684
calibration-2d-03,uniform_clutter,2,3,0,20030000,SC-RRT-no-ADCS,5000,1980.2526708256312
calibration-2d-03,uniform_clutter,2,3,0,20030000,SC-RRT-no-SSFOR,100,nan
calibration-2d-03,uniform_clutter,2,3,0,20030000,SC-RRT-no-SSFOR,250,nan
calibration-2d-03,uniform_clutter,2,3,0,20030000,SC-RRT-no-SSFOR,500,nan
calibration-2d-03,uniform_clutter,2,3,0,20030000,SC-RRT-no-SSFOR,1000,2075.652281627368
calibration-2d-03,uniform_clutter,2,3,0,20030000,SC-RRT-no-SSFOR,2000,2005.3103876827442
calibration-2d-03,uniform_clutter,2,3,0,20030000,SC-RRT-no-SSFOR,3000,1997.1203315394275
calibration-2d-03,uniform_clutter,2,3,0,20030000,SC-RRT-no-SSFOR,4000,1994.9060004108226
calibration-2d-03,uniform_clutter,2,3,0,20030000,SC-RRT-no-SSFOR,5000,1988.0406336626334
calibration-2d-03,uniform_clutter,2,3,1,20030001,SC-RRT-no-ADCS,100,nan
calibration-2d-03,uniform_clutter,2,3,1,20030001,SC-RRT-no-ADCS,250,2161.6447582909277
calibration-2d-03,uniform_clutter,2,3,1,20030001,SC-RRT-no-ADCS,500,2160.2722127936495
calibration-2d-03,uniform_clutter,2,3,1,20030001,SC-RRT-no-ADCS,1000,2142.724103696012
calibration-2d-03,uniform_clutter,2,3,1,20030001,SC-RRT-no-ADCS,2000,2137.5917998775703
calibration-2d-03,uniform_clutter,2,3,1,20030001,SC-RRT-no-ADCS,3000,2092.8969604293784
calibration-2d-03,uniform_clutter,2,3,1,20030001,SC-RRT-no-ADCS,4000,2064.408747697664
calibration-2d-03,uniform_clutter,2,3,1,20030001,SC-RRT-no-ADCS,5000,2039.3643675512192
calibration-2d-03,uniform_clutter,2,3,1,20030001,SC-RRT-no-SSFOR,100,nan
calibration-2d-03,uniform_clutter,2,3,1,20030001,SC-RRT-no-SSFOR,250,2161.8907256909392
calibration-2d-03,uniform_clutter,2,3,1,20030001,SC-RRT-no-SSFOR,500,2161.8907256909392
calibration-2d-03,uniform_clutter,2,3,1,20030001,SC-RRT-no-SSFOR,1000,2117.225208693968
calibration-2d-03,uniform_clutter,2,3,1,20030001,SC-RRT-no-SSFOR,2000,2037.590279925424
calibration-2d-03,uniform_clutter,2,3,1,20030001,SC-RRT-no-SSFOR,3000,1992.3790486667933
calibration-2d-03,uniform_clutter,2,3,1,20030001,SC-RRT-no-SSFOR,4000,1987.9887994563749
calibration-2d-03,uniform_clutter,2,3,1,20030001,SC-RRT-no-SSFOR,5000,1970.3003088874088
calibration-2d-03,uniform_clutter,2,3,1,20030001,SC-RRT,100,nan
calibration-2d-03,uniform_clutter,2,3,1,20030001,SC-RRT,250,2161.6447582909277
calibration-2d-03,uniform_clutter,2,3,1,20030001,SC-RRT,500,2160.2722127936495
calibration-2d-03,uniform_clutter,2,3,1,20030001,SC-RRT,1000,2142.724103696012
calibration-2d-03,uniform_clutter,2,3,1,20030001,SC-RRT,2000,2137.5917998775703
calibration-2d-03,uniform_clutter,2,3,1,20030001,SC-RRT,3000,2065.7017499726758
calibration-2d-03,uniform_clutter,2,3,1,20030001,SC-RRT,4000,2045.3818549328898
calibration-2d-03,uniform_clutter,2,3,1,20030001,SC-RRT,5000,2007.8595964653
calibration-2d-03,uniform_clutter,2,3,2,20030002,SC-RRT-no-SSFOR,100,nan
calibration-2d-03,uniform_clutter,2,3,2,20030002,SC-RRT-no-SSFOR,250,2061.9976198693575
calibration-2d-03,uniform_clutter,2,3,2,20030002,SC-RRT-no-SSFOR,500,2061.105989784211
calibration-2d-03,uniform_clutter,2,3,2,20030002,SC-RRT-no-SSFOR,1000,2042.3785268556453
calibration-2d-03,uniform_clutter,2,3,2,20030002,SC-RRT-no-SSFOR,2000,2035.4349525974922
calibration-2d-03,uniform_clutter,2,3,2,20030002,SC-RRT-no-SSFOR,3000,2020.6635133330392
calibration-2d-03,uniform_clutter,2,3,2,20030002,SC-RRT-no-SSFOR,4000,1994.2704475598168
calibration-2d-03,uniform_clutter,2,3,2,20030002,SC-RRT-no-SSFOR,5000,1987.8361330477117
calibration-2d-03,uniform_clutter,2,3,2,20030002,SC-RRT,100,nan
calibration-2d-03,uniform_clutter,2,3,2,20030002,SC-RRT,250,2061.9976198693575
calibration-2d-03,uniform_clutter,2,3,2,20030002,SC-RRT,500,2061.4495354464493
calibration-2d-03,uniform_clutter,2,3,2,20030002,SC-RRT,1000,2045.948970045801
calibration-2d-03,uniform_clutter,2,3,2,20030002,SC-RRT,2000,2039.9038305456431
calibration-2d-03,uniform_clutter,2,3,2,20030002,SC-RRT,3000,2038.1761733442904
calibration-2d-03,uniform_clutter,2,3,2,20030002,SC-RRT,4000,1982.1719075274632
calibration-2d-03,uniform_clutter,2,3,2,20030002,SC-RRT,5000,1979.4500463891188
calibration-2d-03,uniform_clutter,2,3,2,20030002,SC-RRT-no-ADCS,100,nan
calibration-2d-03,uniform_clutter,2,3,2,20030002,SC-RRT-no-ADCS,250,2061.9976198693575
calibration-2d-03,uniform_clutter,2,3,2,20030002,SC-RRT-no-ADCS,500,2061.4495354464493
calibration-2d-03,uniform_clutter,2,3,2,20030002,SC-RRT-no-ADCS,1000,2045.948970045801
calibration-2d-03,uniform_clutter,2,3,2,20030002,SC-RRT-no-ADCS,2000,2039.9038305456431
calibration-2d-03,uniform_clutter,2,3,2,20030002,SC-RRT-no-ADCS,3000,2039.625359389264
calibration-2d-03,uniform_clutter,2,3,2,20030002,SC-RRT-no-ADCS,4000,2014.7180537898503
calibration-2d-03,uniform_clutter,2,3,2,20030002,SC-RRT-no-ADCS,5000,2000.7732529372593
calibration-2d-03,uniform_clutter,2,3,3,20030003,SC-RRT,100,nan
calibration-2d-03,uniform_clutter,2,3,3,20030003,SC-RRT,250,nan
calibration-2d-03,uniform_clutter,2,3,3,20030003,SC-RRT,500,2403.623363817459
calibration-2d-03,uniform_clutter,2,3,3,20030003,SC-RRT,1000,2253.755461993645
calibration-2d-03,uniform_clutter,2,3,3,20030003,SC-RRT,2000,2124.2906823874664
calibration-2d-03,uniform_clutter,2,3,3,20030003,SC-RRT,3000,2069.887837368871
calibration-2d-03,uniform_clutter,2,3,3,20030003,SC-RRT,4000,2067.178348710912
calibration-2d-03,uniform_clutter,2,3,3,20030003,SC-RRT,5000,2057.913570756281
calibration-2d-03,uniform_clutter,2,3,3,20030003,SC-RRT-no-ADCS,100,nan
calibration-2d-03,uniform_clutter,2,3,3,20030003,SC-RRT-no-ADCS,250,nan
calibration-2d-03,uniform_clutter,2,3,3,20030003,SC-RRT-no-ADCS,500,2403.623363817459
calibration-2d-03,uniform_clutter,2,3,3,20030003,SC-RRT-no-ADCS,1000,2253.755461993645
calibration-2d-03,uniform_clutter,2,3,3,20030003,SC-RRT-no-ADCS,2000,2124.2906823874664
calibration-2d-03,uniform_clutter,2,3,3,20030003,SC-RRT-no-ADCS,3000,2070.471926638487
calibration-2d-03,uniform_clutter,2,3,3,20030003,SC-RRT-no-ADCS,4000,2065.300463179842
calibration-2d-03,uniform_clutter,2,3,3,20030003,SC-RRT-no-ADCS,5000,2061.1081218601316
calibration-2d-03,uniform_clutter,2,3,3,20030003,SC-RRT-no-SSFOR,100,nan
calibration-2d-03,uniform_clutter,2,3,3,20030003,SC-RRT-no-SSFOR,250,nan
calibration-2d-03,uniform_clutter,2,3,3,20030003,SC-RRT-no-SSFOR,500,2413.2818383489907
calibration-2d-03,uniform_clutter,2,3,3,20030003,SC-RRT-no-SSFOR,1000,2375.6140735314793
calibration-2d-03,uniform_clutter,2,3,3,20030003,SC-RRT-no-SSFOR,2000,2139.665501865265
calibration-2d-03,uniform_clutter,2,3,3,20030003,SC-RRT-no-SSFOR,3000,2012.6837571182157
calibration-2d-03,uniform_clutter,2,3,3,20030003,SC-RRT-no-SSFOR,4000,2004.7354395476284
calibration-2d-03,uniform_clutter,2,3,3,20030003,SC-RRT-no-SSFOR,5000,1985.6615084827731
calibration-2d-03,uniform_clutter,2,3,4,20030004,SC-RRT-no-ADCS,100,nan
calibration-2d-03,uniform_clutter,2,3,4,20030004,SC-RRT-no-ADCS,250,2167.558492874979
calibration-2d-03,uniform_clutter,2,3,4,20030004,SC-RRT-no-ADCS,500,2157.489432068713
calibration-2d-03,uniform_clutter,2,3,4,20030004,SC-RRT-no-ADCS,1000,2152.692137193156
calibration-2d-03,uniform_clutter,2,3,4,20030004,SC-RRT-no-ADCS,2000,2097.7392818075887
calibration-2d-03,uniform_clutter,2,3,4,20030004,SC-RRT-no-ADCS,3000,2093.7144412095076
calibration-2d-03,uniform_clutter,2,3,4,20030004,SC-RRT-no-ADCS,4000,2072.444039830125
calibration-2d-03,uniform_clutter,2,3,4,20030004,SC-RRT-no-ADCS,5000,2027.4405135580278
calibration-2d-03,uniform_clutter,2,3,4,20030004,SC-RRT-no-SSFOR,100,nan
calibration-2d-03,uniform_clutter,2,3,4,20030004,SC-RRT-no-SSFOR,250,2171.658759478829
calibration-2d-03,uniform_clutter,2,3,4,20030004,SC-RRT-no-SSFOR,500,2133.269735625778
calibration-2d-03,uniform_clutter,2,3,4,20030004,SC-RRT-no-SSFOR,1000,2119.2564380230233
calibration-2d-03,uniform_clutter,2,3,4,20030004,SC-RRT-no-SSFOR,2000,2074.9133727236695
calibration-2d-03,uniform_clutter,2,3,4,20030004,SC-RRT-no-SSFOR,3000,2055.5093343660747
calibration-2d-03,uniform_clutter,2,3,4,20030004,SC-RRT-no-SSFOR,4000,2000.2418773763643
calibration-2d-03,uniform_clutter,2,3,4,20030004,SC-RRT-no-SSFOR,5000,1968.950457262608
calibration-2d-03,uniform_clutter,2,3,4,20030004,SC-RRT,100,nan
calibration-2d-03,uniform_clutter,2,3,4,20030004,SC-RRT,250,2167.558492874979
calibration-2d-03,uniform_clutter,2,3,4,20030004,SC-RRT,500,2157.489432068713
calibration-2d-03,uniform_clutter,2,3,4,20030004,SC-RRT,1000,2152.692137193156
calibration-2d-03,uniform_clutter,2,3,4,20030004,SC-RRT,2000,2097.7392818075887
calibration-2d-03,uniform_clutter,2,3,4,20030004,SC-RRT,3000,2086.1145015748066
calibration-2d-03,uniform_clutter,2,3,4,20030004,SC-RRT,4000,2065.015018984759
calibration-2d-03,uniform_clutter,2,3,4,20030004,SC-RRT,5000,1996.1183040519168
calibration-3d-00,uniform_clutter,3,0,0,30000000,SC-RRT,100,nan
calibration-3d-00,uniform_clutter,3,0,0,30000000,SC-RRT,250,2580.09302954787
calibration-3d-00,uniform_clutter,3,0,0,30000000,SC-RRT,500,2580.09302954787
calibration-3d-00,uniform_clutter,3,0,0,30000000,SC-RRT,1000,2580.09302954787
calibration-3d-00,uniform_clutter,3,0,0,30000000,SC-RRT,2000,2580.09302954787
calibration-3d-00,uniform_clutter,3,0,0,30000000,SC-RRT,3000,2580.09302954787
calibration-3d-00,uniform_clutter,3,0,0,30000000,SC-RRT,4000,2580.09302954787
calibration-3d-00,uniform_clutter,3,0,0,30000000,SC-RRT,5000,2580.09302954787
calibration-3d-00,uniform_clutter,3,0,0,30000000,SC-RRT-no-ADCS,100,nan
calibration-3d-00,uniform_clutter,3,0,0,30000000,SC-RRT-no-ADCS,250,2580.09302954787
calibration-3d-00,uniform_clutter,3,0,0,30000000,SC-RRT-no-ADCS,500,2580.09302954787
calibration-3d-00,uniform_clutter,3,0,0,30000000,SC-RRT-no-ADCS,1000,2580.09302954787
calibration-3d-00,uniform_clutter,3,0,0,30000000,SC-RRT-no-ADCS,2000,2580.09302954787
calibration-3d-00,uniform_clutter,3,0,0,30000000,SC-RRT-no-ADCS,3000,2580.09302954787
calibration-3d-00,uniform_clutter,3,0,0,30000000,SC-RRT-no-ADCS,4000,2580.09302954787
calibration-3d-00,uniform_clutter,3,0,0,30000000,SC-RRT-no-ADCS,5000,2573.4917414057445
calibration-3d-00,uniform_clutter,3,0,0,30000000,SC-RRT-no-SSFOR,100,nan
calibration-3d-00,uniform_clutter,3,0,0,30000000,SC-RRT-no-SSFOR,250,2581.6088269821275
calibration-3d-00,uniform_clutter,3,0,0,30000000,SC-RRT-no-SSFOR,500,2581.3660007513254
calibration-3d-00,uniform_clutter,3,0,0,30000000,SC-RRT-no-SSFOR,1000,2581.3660007513254
calibration-3d-00,uniform_clutter,3,0,0,30000000,SC-RRT-no-SSFOR,2000,2579.589066431382
calibration-3d-00,uniform_clutter,3,0,0,30000000,SC-RRT-no-SSFOR,3000,2579.3323532372406
calibration-3d-00,uniform_clutter,3,0,0,30000000,SC-RRT-no-SSFOR,4000,2579.3323532372406
calibration-3d-00,uniform_clutter,3,0,0,30000000,SC-RRT-no-SSFOR,5000,2568.2569745773626
calibration-3d-00,uniform_clutter,3,0,1,30000001,SC-RRT-no-ADCS,100,nan
calibration-3d-00,uniform_clutter,3,0,1,30000001,SC-RRT-no-ADCS,250,2620.2680137534144
calibration-3d-00,uniform_clutter,3,0,1,30000001,SC-RRT-no-ADCS,500,2602.368175596842
calibration-3d-00,uniform_clutter,3,0,1,30000001,SC-RRT-no-ADCS,1000,2586.648444688001
calibration-3d-00,uniform_clutter,3,0,1,30000001,SC-RRT-no-ADCS,2000,2581.5772886410996
calibration-3d-00,uniform_clutter,3,0,1,30000001,SC-RRT-no-ADCS,3000,2580.1378631271846
calibration-3d-00,uniform_clutter,3,0,1,30000001,SC-RRT-no-ADCS,4000,2579.938880254253
calibration-3d-00,uniform_clutter,3,0,1,30000001,SC-RRT-no-ADCS,5000,2578.1041976744145
calibration-3d-00,uniform_clutter,3,0,1,30000001,SC-RRT-no-SSFOR,100,nan
calibration-3d-00,uniform_clutter,3,0,1,30000001,SC-RRT-no-SSFOR,250,2623.619004226449
calibration-3d-00,uniform_clutter,3,0,1,30000001,SC-RRT-no-SSFOR,500,2623.619004226449
calibration-3d-00,uniform_clutter,3,0,1,30000001,SC-RRT-no-SSFOR,1000,2620.6742229035867
calibration-3d-00,uniform_clutter,3,0,1,30000001,SC-RRT-no-SSFOR,2000,2616.9810304696803
calibration-3d-00,uniform_clutter,3,0,1,30000001,SC-RRT-no-SSFOR,3000,2596.907737008899
calibration-3d-00,uniform_clutter,3,0,1,30000001,SC-RRT-no-SSFOR,4000,2595.865489155386
calibration-3d-00,uniform_clutter,3,0,1,30000001,SC-RRT-no-SSFOR,5000,2595.865489155386
calibration-3d-00,uniform_clutter,3,0,1,30000001,SC-RRT,100,nan
calibration-3d-00,uniform_clutter,3,0,1,30000001,SC-RRT,250,2620.2680137534144
calibration-3d-00,uniform_clutter,3,0,1,30000001,SC-RRT,500,2602.368175596842
calibration-3d-00,uniform_clutter,3,0,1,30000001,SC-RRT,1000,2586.648444688001
calibration-3d-00,uniform_clutter,3,0,1,30000001,SC-RRT,2000,2581.5772886410996
calibration-3d-00,uniform_clutter,3,0,1,30000001,SC-RRT,3000,2580.1378631271846
calibration-3d-00,uniform_clutter,3,0,1,30000001,SC-RRT,4000,2580.1378631271846
calibration-3d-00,uniform_clutter,3,0,1,30000001,SC-RRT,5000,2577.9411228787717
calibration-3d-00,uniform_clutter,3,0,2,30000002,SC-RRT-no-SSFOR,100,nan
calibration-3d-00,uniform_clutter,3,0,2,30000002,SC-RRT-no-SSFOR,250,2509.832040371418
calibration-3d-00,uniform_clutter,3,0,2,30000002,SC-RRT-no-SSFOR,500,2508.9325387013077
calibration-3d-00,uniform_clutter,3,0,2,30000002,SC-RRT-no-SSFOR,1000,2508.9325387013077
calibration-3d-00,uniform_clutter,3,0,2,30000002,SC-RRT-no-SSFOR,2000,2507.8903306305697
calibration-3d-00,uniform_clutter,3,0,2,30000002,SC-RRT-no-SSFOR,3000,2507.8903306305697
calibration-3d-00,uniform_clutter,3,0,2,30000002,SC-RRT-no-SSFOR,4000,2507.8903306305697
calibration-3d-00,uniform_clutter,3,0,2,30000002,SC-RRT-no-SSFOR,5000,2507.8903306305697
calibration-3d-00,uniform_clutter,3,0,2,30000002,SC-RRT,100,nan
calibration-3d-00,uniform_clutter,3,0,2,30000002,SC-RRT,250,2509.832040371418
calibration-3d-00,uniform_clutter,3,0,2,30000002,SC-RRT,500,2509.832040371418
calibration-3d-00,uniform_clutter,3,0,2,30000002,SC-RRT,1000,2509.832040371418
calibration-3d-00,uniform_clutter,3,0,2,30000002,SC-RRT,2000,2509.832040371418
calibration-3d-00,uniform_clutter,3,0,2,30000002,SC-RRT,3000,2501.8304414308323
calibration-3d-00,uniform_clutter,3,0,2,30000002,SC-RRT,4000,2498.806435995669
calibration-3d-00,uniform_clutter,3,0,2,30000002,SC-RRT,5000,2498.806435995669
calibration-3d-00,uniform_clutter,3,0,2,30000002,SC-RRT-no-ADCS,100,nan
calibration-3d-00,uniform_clutter,3,0,2,30000002,SC-RRT-no-ADCS,250,2509.832040371418
calibration-3d-00,uniform_clutter,3,0,2,30000002,SC-RRT-no-ADCS,500,2509.832040371418
calibration-3d-00,uniform_clutter,3,0,2,30000002,SC-RRT-no-ADCS,1000,2509.832040371418
calibration-3d-00,uniform_clutter,3,0,2,30000002,SC-RRT-no-ADCS,2000,2509.832040371418
calibration-3d-00,uniform_clutter,3,0,2,30000002,SC-RRT-no-ADCS,3000,2508.768121794205
calibration-3d-00,uniform_clutter,3,0,2,30000002,SC-RRT-no-ADCS,4000,2499.0329550123442
calibration-3d-00,uniform_clutter,3,0,2,30000002,SC-RRT-no-ADCS,5000,2492.7796077154617
calibration-3d-00,uniform_clutter,3,0,3,30000003,SC-RRT,100,nan
calibration-3d-00,uniform_clutter,3,0,3,30000003,SC-RRT,250,2550.7397677902522
calibration-3d-00,uniform_clutter,3,0,3,30000003,SC-RRT,500,2550.4598109556077
calibration-3d-00,uniform_clutter,3,0,3,30000003,SC-RRT,1000,2547.1625409037842
calibration-3d-00,uniform_clutter,3,0,3,30000003,SC-RRT,2000,2541.7038821002798
calibration-3d-00,uniform_clutter,3,0,3,30000003,SC-RRT,3000,2538.585636079449
calibration-3d-00,uniform_clutter,3,0,3,30000003,SC-RRT,4000,2538.585636079449
calibration-3d-00,uniform_clutter,3,0,3,30000003,SC-RRT,5000,2538.585636079449
calibration-3d-00,uniform_clutter,3,0,3,30000003,SC-RRT-no-ADCS,100,nan
calibration-3d-00,uniform_clutter,3,0,3,30000003,SC-RRT-no-ADCS,250,2550.7397677902522
calibration-3d-00,uniform_clutter,3,0,3,30000003,SC-RRT-no-ADCS,500,2550.4598109556077
calibration-3d-00,uniform_clutter,3,0,3,30000003,SC-RRT-no-ADCS,1000,2547.1625409037842
calibration-3d-00,uniform_clutter,3,0,3,30000003,SC-RRT-no-ADCS,2000,2541.7038821002798
calibration-3d-00,uniform_clutter,3,0,3,30000003,SC-RRT-no-ADCS,3000,2541.7038821002798
calibration-3d-00,uniform_clutter,3,0,3,30000003,SC-RRT-no-ADCS,4000,2541.7038821002798
calibration-3d-00,uniform_clutter,3,0,3,30000003,SC-RRT-no-ADCS,5000,2541.7038821002798
calibration-3d-00,uniform_clutter,3,0,3,30000003,SC-RRT-no-SSFOR,100,nan
calibration-3d-00,uniform_clutter,3,0,3,30000003,SC-RRT-no-SSFOR,250,2554.5194715154807
calibration-3d-00,uniform_clutter,3,0,3,30000003,SC-RRT-no-SSFOR,500,2554.5194715154807
calibration-3d-00,uniform_clutter,3,0,3,30000003,SC-RRT-no-SSFOR,1000,2553.710068850468
calibration-3d-00,uniform_clutter,3,0,3,30000003,SC-RRT-no-SSFOR,2000,2553.710068850468
calibration-3d-00,uniform_clutter,3,0,3,30000003,SC-RRT-no-SSFOR,3000,2553.710068850468
calibration-3d-00,uniform_clutter,3,0,3,30000003,SC-RRT-no-SSFOR,4000,2552.7120271255803
calibration-3d-00,uniform_clutter,3,0,3,30000003,SC-RRT-no-SSFOR,5000,2552.7120271255803
calibration-3d-00,uniform_clutter,3,0,4,30000004,SC-RRT-no-ADCS,100,nan
calibration-3d-00,uniform_clutter,3,0,4,30000004,SC-RRT-no-ADCS,250,2524.8567923131045
calibration-3d-00,uniform_clutter,3,0,4,30000004,SC-RRT-no-ADCS,500,2524.8567923131045
calibration-3d-00,uniform_clutter,3,0,4,30000004,SC-RRT-no-ADCS,1000,2524.8567923131045
calibration-3d-00,uniform_clutter,3,0,4,30000004,SC-RRT-no-ADCS,2000,2524.8567923131045
calibration-3d-00,uniform_clutter,3,0,4,30000004,SC-RRT-no-ADCS,3000,2524.8567923131045
calibration-3d-00,uniform_clutter,3,0,4,30000004,SC-RRT-no-ADCS,4000,2524.8567923131045
calibration-3d-00,uniform_clutter,3,0,4,30000004,SC-RRT-no-ADCS,5000,2518.548384142008
calibration-3d-00,uniform_clutter,3,0,4,30000004,SC-RRT-no-SSFOR,100,nan
calibration-3d-00,uniform_clutter,3,0,4,30000004,SC-RRT-no-SSFOR,250,2523.9801946931098
calibration-3d-00,uniform_clutter,3,0,4,30000004,SC-RRT-no-SSFOR,500,2520.98321314771
calibration-3d-00,uniform_clutter,3,0,4,30000004,SC-RRT-no-SSFOR,1000,2520.909259140228
calibration-3d-00,uniform_clutter,3,0,4,30000004,SC-RRT-no-SSFOR,2000,2520.909259140228
calibration-3d-00,uniform_clutter,3,0,4,30000004,SC-RRT-no-SSFOR,3000,2520.909259140228
calibration-3d-00,uniform_clutter,3,0,4,30000004,SC-RRT-no-SSFOR,4000,2520.909259140228
calibration-3d-00,uniform_clutter,3,0,4,30000004,SC-RRT-no-SSFOR,5000,2517.9120138312464
calibration-3d-00,uniform_clutter,3,0,4,30000004,SC-RRT,100,nan
calibration-3d-00,uniform_clutter,3,0,4,30000004,SC-RRT,250,2524.8567923131045
calibration-3d-00,uniform_clutter,3,0,4,30000004,SC-RRT,500,2524.8567923131045
calibration-3d-00,uniform_clutter,3,0,4,30000004,SC-RRT,1000,2524.8567923131045
calibration-3d-00,uniform_clutter,3,0,4,30000004,SC-RRT,2000,2524.8567923131045
calibration-3d-00,uniform_clutter,3,0,4,30000004,SC-RRT,3000,2524.8567923131045
calibration-3d-00,uniform_clutter,3,0,4,30000004,SC-RRT,4000,2524.8567923131045
calibration-3d-00,uniform_clutter,3,0,4,30000004,SC-RRT,5000,2524.8567923131045
calibration-3d-01,central_cluster,3,1,0,30010000,SC-RRT-no-SSFOR,100,nan
calibration-3d-01,central_cluster,3,1,0,30010000,SC-RRT-no-SSFOR,250,nan
calibration-3d-01,central_cluster,3,1,0,30010000,SC-RRT-no-SSFOR,500,2584.565028723686
calibration-3d-01,central_cluster,3,1,0,30010000,SC-RRT-no-SSFOR,1000,2584.565028723686
calibration-3d-01,central_cluster,3,1,0,30010000,SC-RRT-no-SSFOR,2000,2582.5071223793993
calibration-3d-01,central_cluster,3,1,0,30010000,SC-RRT-no-SSFOR,3000,2582.5071223793993
calibration-3d-01,central_cluster,3,1,0,30010000,SC-RRT-no-SSFOR,4000,2582.5071223793993
calibration-3d-01,central_cluster,3,1,0,30010000,SC-RRT-no-SSFOR,5000,2582.5071223793993
calibration-3d-01,central_cluster,3,1,0,30010000,SC-RRT,100,nan
calibration-3d-01,central_cluster,3,1,0,30010000,SC-RRT,250,nan
calibration-3d-01,central_cluster,3,1,0,30010000,SC-RRT,500,2599.9946502469666
calibration-3d-01,central_cluster,3,1,0,30010000,SC-RRT,1000,2589.3192272847195
calibration-3d-01,central_cluster,3,1,0,30010000,SC-RRT,2000,2589.3192272847195
calibration-3d-01,central_cluster,3,1,0,30010000,SC-RRT,3000,2572.686603744467
calibration-3d-01,central_cluster,3,1,0,30010000,SC-RRT,4000,2572.686603744467
calibration-3d-01,central_cluster,3,1,0,30010000,SC-RRT,5000,2572.686603744467
calibration-3d-01,central_cluster,3,1,0,30010000,SC-RRT-no-ADCS,100,nan
calibration-3d-01,central_cluster,3,1,0,30010000,SC-RRT-no-ADCS,250,nan
calibration-3d-01,central_cluster,3,1,0,30010000,SC-RRT-no-ADCS,500,2599.9946502469666
calibration-3d-01,central_cluster,3,1,0,30010000,SC-RRT-no-ADCS,1000,2589.3192272847195
calibration-3d-01,central_cluster,3,1,0,30010000,SC-RRT-no-ADCS,2000,2589.3192272847195
calibration-3d-01,central_cluster,3,1,0,30010000,SC-RRT-no-ADCS,3000,2572.686603744467
calibration-3d-01,central_cluster,3,1,0,30010000,SC-RRT-no-ADCS,4000,2568.84449532894
calibration-3d-01,central_cluster,3,1,0,30010000,SC-RRT-no-ADCS,5000,2568.84449532894
calibration-3d-01,central_cluster,3,1,1,30010001,SC-RRT,100,nan
calibration-3d-01,central_cluster,3,1,1,30010001,SC-RRT,250,nan
calibration-3d-01,central_cluster,3,1,1,30010001,SC-RRT,500,2894.7322684042674
calibration-3d-01,central_cluster,3,1,1,30010001,SC-RRT,1000,2891.4147680456604
calibration-3d-01,central_cluster,3,1,1,30010001,SC-RRT,2000,2884.8315247452147
calibration-3d-01,central_cluster,3,1,1,30010001,SC-RRT,3000,2878.666524939972
calibration-3d-01,central_cluster,3,1,1,30010001,SC-RRT,4000,2870.418951962469
calibration-3d-01,central_cluster,3,1,1,30010001,SC-RRT,5000,2866.8400943347224
calibration-3d-01,central_cluster,3,1,1,30010001,SC-RRT-no-ADCS,100,nan
calibration-3d-01,central_cluster,3,1,1,30010001,SC-RRT-no-ADCS,250,nan
calibration-3d-01,central_cluster,3,1,1,30010001,SC-RRT-no-ADCS,500,2894.7322684042674
calibration-3d-01,central_cluster,3,1,1,30010001,SC-RRT-no-ADCS,1000,2891.4147680456604
calibration-3d-01,central_cluster,3,1,1,30010001,SC-RRT-no-ADCS,2000,2884.8315247452147
calibration-3d-01,central_cluster,3,1,1,30010001,SC-RRT-no-ADCS,3000,2877.780718255076
calibration-3d-01,central_cluster,3,1,1,30010001,SC-RRT-no-ADCS,4000,2872.7714226128273
calibration-3d-01,central_cluster,3,1,1,30010001,SC-RRT-no-ADCS,5000,2872.7714226128273
calibration-3d-01,central_cluster,3,1,1,30010001,SC-RRT-no-SSFOR,100,nan
calibration-3d-01,central_cluster,3,1,1,30010001,SC-RRT-no-SSFOR,250,nan
calibration-3d-01,central_cluster,3,1,1,30010001,SC-RRT-no-SSFOR,500,2894.7322684042674
calibration-3d-01,central_cluster,3,1,1,30010001,SC-RRT-no-SSFOR,1000,2894.7322684042674
calibration-3d-01,central_cluster,3,1,1,30010001,SC-RRT-no-SSFOR,2000,2894.7322684042674
calibration-3d-01,central_cluster,3,1,1,30010001,SC-RRT-no-SSFOR,3000,2894.7322684042674
calibration-3d-01,central_cluster,3,1,1,30010001,SC-RRT-no-SSFOR,4000,2894.7322684042674
calibration-3d-01,central_cluster,3,1,1,30010001,SC-RRT-no-SSFOR,5000,2807.552281691973
calibration-3d-01,central_cluster,3,1,2,30010002,SC-RRT-no-ADCS,100,nan
calibration-3d-01,central_cluster,3,1,2,30010002,SC-RRT-no-ADCS,250,nan
calibration-3d-01,central_cluster,3,1,2,30010002,SC-RRT-no-ADCS,500,2904.297917262739
calibration-3d-01,central_cluster,3,1,2,30010002,SC-RRT-no-ADCS,1000,2760.0590775118903
calibration-3d-01,central_cluster,3,1,2,30010002,SC-RRT-no-ADCS,2000,2692.310146708449
calibration-3d-01,central_cluster,3,1,2,30010002,SC-RRT-no-ADCS,3000,2692.310146708449
calibration-3d-01,central_cluster,3,1,2,30010002,SC-RRT-no-ADCS,4000,2672.04433200185
calibration-3d-01,central_cluster,3,1,2,30010002,SC-RRT-no-ADCS,5000,2672.04433200185
calibration-3d-01,central_cluster,3,1,2,30010002,SC-RRT-no-SSFOR,100,nan
calibration-3d-01,central_cluster,3,1,2,30010002,SC-RRT-no-SSFOR,250,nan
calibration-3d-01,central_cluster,3,1,2,30010002,SC-RRT-no-SSFOR,500,2897.0465403660737
calibration-3d-01,central_cluster,3,1,2,30010002,SC-RRT-no-SSFOR,1000,2728.6426149620097
calibration-3d-01,central_cluster,3,1,2,30010002,SC-RRT-no-SSFOR,2000,2726.6465802214816
calibration-3d-01,central_cluster,3,1,2,30010002,SC-RRT-no-SSFOR,3000,2724.1519850685713
calibration-3d-01,central_cluster,3,1,2,30010002,SC-RRT-no-SSFOR,4000,2724.1519850685713
calibration-3d-01,central_cluster,3,1,2,30010002,SC-RRT-no-SSFOR,5000,2724.1519850685713
calibration-3d-01,central_cluster,3,1,2,30010002,SC-RRT,100,nan
calibration-3d-01,central_cluster,3,1,2,30010002,SC-RRT,250,nan
calibration-3d-01,central_cluster,3,1,2,30010002,SC-RRT,500,2904.297917262739
calibration-3d-01,central_cluster,3,1,2,30010002,SC-RRT,1000,2760.0590775118903
calibration-3d-01,central_cluster,3,1,2,30010002,SC-RRT,2000,2692.310146708449
calibration-3d-01,central_cluster,3,1,2,30010002,SC-RRT,3000,2692.310146708449
calibration-3d-01,central_cluster,3,1,2,30010002,SC-RRT,4000,2690.835594398444
calibration-3d-01,central_cluster,3,1,2,30010002,SC-RRT,5000,2663.9318557164447
calibration-3d-01,central_cluster,3,1,3,30010003,SC-RRT-no-SSFOR,100,nan
calibration-3d-01,central_cluster,3,1,3,30010003,SC-RRT-no-SSFOR,250,nan
calibration-3d-01,central_cluster,3,1,3,30010003,SC-RRT-no-SSFOR,500,2639.4277966321715
calibration-3d-01,central_cluster,3,1,3,30010003,SC-RRT-no-SSFOR,1000,2639.4277966321715
calibration-3d-01,central_cluster,3,1,3,30010003,SC-RRT-no-SSFOR,2000,2621.3181328291494
calibration-3d-01,central_cluster,3,1,3,30010003,SC-RRT-no-SSFOR,3000,2621.3181328291494
calibration-3d-01,central_cluster,3,1,3,30010003,SC-RRT-no-SSFOR,4000,2621.3181328291494
calibration-3d-01,central_cluster,3,1,3,30010003,SC-RRT-no-SSFOR,5000,2621.3181328291494
calibration-3d-01,central_cluster,3,1,3,30010003,SC-RRT,100,nan
calibration-3d-01,central_cluster,3,1,3,30010003,SC-RRT,250,nan
calibration-3d-01,central_cluster,3,1,3,30010003,SC-RRT,500,2623.5451635229765
calibration-3d-01,central_cluster,3,1,3,30010003,SC-RRT,1000,2623.5451635229765
calibration-3d-01,central_cluster,3,1,3,30010003,SC-RRT,2000,2620.107853860931
calibration-3d-01,central_cluster,3,1,3,30010003,SC-RRT,3000,2595.07959770022
calibration-3d-01,central_cluster,3,1,3,30010003,SC-RRT,4000,2595.07959770022
calibration-3d-01,central_cluster,3,1,3,30010003,SC-RRT,5000,2584.129625197824
calibration-3d-01,central_cluster,3,1,3,30010003,SC-RRT-no-ADCS,100,nan
calibration-3d-01,central_cluster,3,1,3,30010003,SC-RRT-no-ADCS,250,nan
calibration-3d-01,central_cluster,3,1,3,30010003,SC-RRT-no-ADCS,500,2623.5451635229765
calibration-3d-01,central_cluster,3,1,3,30010003,SC-RRT-no-ADCS,1000,2623.5451635229765
calibration-3d-01,central_cluster,3,1,3,30010003,SC-RRT-no-ADCS,2000,2620.107853860931
calibration-3d-01,central_cluster,3,1,3,30010003,SC-RRT-no-ADCS,3000,2613.5646691512256
calibration-3d-01,central_cluster,3,1,3,30010003,SC-RRT-no-ADCS,4000,2610.3945003183926
calibration-3d-01,central_cluster,3,1,3,30010003,SC-RRT-no-ADCS,5000,2586.2942230284284
calibration-3d-01,central_cluster,3,1,4,30010004,SC-RRT,100,nan
calibration-3d-01,central_cluster,3,1,4,30010004,SC-RRT,250,nan
calibration-3d-01,central_cluster,3,1,4,30010004,SC-RRT,500,2901.733183679912
calibration-3d-01,central_cluster,3,1,4,30010004,SC-RRT,1000,2809.7485911251442
calibration-3d-01,central_cluster,3,1,4,30010004,SC-RRT,2000,2751.8364601673184
calibration-3d-01,central_cluster,3,1,4,30010004,SC-RRT,3000,2750.6858421557217
calibration-3d-01,central_cluster,3,1,4,30010004,SC-RRT,4000,2750.6858421557217
calibration-3d-01,central_cluster,3,1,4,30010004,SC-RRT,5000,2742.726799736751
calibration-3d-01,central_cluster,3,1,4,30010004,SC-RRT-no-ADCS,100,nan
calibration-3d-01,central_cluster,3,1,4,30010004,SC-RRT-no-ADCS,250,nan
calibration-3d-01,central_cluster,3,1,4,30010004,SC-RRT-no-ADCS,500,2901.733183679912
calibration-3d-01,central_cluster,3,1,4,30010004,SC-RRT-no-ADCS,1000,2809.7485911251442
calibration-3d-01,central_cluster,3,1,4,30010004,SC-RRT-no-ADCS,2000,2751.8364601673184
calibration-3d-01,central_cluster,3,1,4,30010004,SC-RRT-no-ADCS,3000,2750.6858421557217
calibration-3d-01,central_cluster,3,1,4,30010004,SC-RRT-no-ADCS,4000,2750.6858421557217
calibration-3d-01,central_cluster,3,1,4,30010004,SC-RRT-no-ADCS,5000,2750.6858421557217
calibration-3d-01,central_cluster,3,1,4,30010004,SC-RRT-no-SSFOR,100,nan
calibration-3d-01,central_cluster,3,1,4,30010004,SC-RRT-no-SSFOR,250,nan
calibration-3d-01,central_cluster,3,1,4,30010004,SC-RRT-no-SSFOR,500,2915.481424545181
calibration-3d-01,central_cluster,3,1,4,30010004,SC-RRT-no-SSFOR,1000,2890.61199643112
calibration-3d-01,central_cluster,3,1,4,30010004,SC-RRT-no-SSFOR,2000,2890.61199643112
calibration-3d-01,central_cluster,3,1,4,30010004,SC-RRT-no-SSFOR,3000,2762.8260686756926
calibration-3d-01,central_cluster,3,1,4,30010004,SC-RRT-no-SSFOR,4000,2762.8260686756926
calibration-3d-01,central_cluster,3,1,4,30010004,SC-RRT-no-SSFOR,5000,2752.155572779294
calibration-3d-02,slab_clutter,3,2,0,30020000,SC-RRT-no-ADCS,100,nan
calibration-3d-02,slab_clutter,3,2,0,30020000,SC-RRT-no-ADCS,250,2539.940062113198
calibration-3d-02,slab_clutter,3,2,0,30020000,SC-RRT-no-ADCS,500,2539.940062113198
calibration-3d-02,slab_clutter,3,2,0,30020000,SC-RRT-no-ADCS,1000,2522.257460460864
calibration-3d-02,slab_clutter,3,2,0,30020000,SC-RRT-no-ADCS,2000,2519.453909626133
calibration-3d-02,slab_clutter,3,2,0,30020000,SC-RRT-no-ADCS,3000,2517.8297559104753
calibration-3d-02,slab_clutter,3,2,0,30020000,SC-RRT-no-ADCS,4000,2517.8297559104753
calibration-3d-02,slab_clutter,3,2,0,30020000,SC-RRT-no-ADCS,5000,2517.1118913214946
calibration-3d-02,slab_clutter,3,2,0,30020000,SC-RRT-no-SSFOR,100,nan
calibration-3d-02,slab_clutter,3,2,0,30020000,SC-RRT-no-SSFOR,250,2536.8477100136965
calibration-3d-02,slab_clutter,3,2,0,30020000,SC-RRT-no-SSFOR,500,2536.8477100136965
calibration-3d-02,slab_clutter,3,2,0,30020000,SC-RRT-no-SSFOR,1000,2534.6835318776502
calibration-3d-02,slab_clutter,3,2,0,30020000,SC-RRT-no-SSFOR,2000,2534.6835318776502
calibration-3d-02,slab_clutter,3,2,0,30020000,SC-RRT-no-SSFOR,3000,2534.6835318776502
calibration-3d-02,slab_clutter,3,2,0,30020000,SC-RRT-no-SSFOR,4000,2534.6835318776502
calibration-3d-02,slab_clutter,3,2,0,30020000,SC-RRT-no-SSFOR,5000,2534.6835318776502
calibration-3d-02,slab_clutter,3,2,0,30020000,SC-RRT,100,nan
calibration-3d-02,slab_clutter,3,2,0,30020000,SC-RRT,250,2539.940062113198
calibration-3d-02,slab_clutter,3,2,0,30020000,SC-RRT,500,2539.940062113198
calibration-3d-02,slab_clutter,3,2,0,30020000,SC-RRT,1000,2522.257460460864
calibration-3d-02,slab_clutter,3,2,0,30020000,SC-RRT,2000,2519.453909626133
calibration-3d-02,slab_clutter,3,2,0,30020000,SC-RRT,3000,2517.8297559104753
calibration-3d-02,slab_clutter,3,2,0,30020000,SC-RRT,4000,2517.8297559104753
calibration-3d-02,slab_clutter,3,2,0,30020000,SC-RRT,5000,2503.5180120414802
calibration-3d-02,slab_clutter,3,2,1,30020001,SC-RRT-no-SSFOR,100,nan
calibration-3d-02,slab_clutter,3,2,1,30020001,SC-RRT-no-SSFOR,250,2605.578946892748
calibration-3d-02,slab_clutter,3,2,1,30020001,SC-RRT-no-SSFOR,500,2605.578946892748
calibration-3d-02,slab_clutter,3,2,1,30020001,SC-RRT-no-SSFOR,1000,2596.643880334384
calibration-3d-02,slab_clutter,3,2,1,30020001,SC-RRT-no-SSFOR,2000,2594.4319312102343
calibration-3d-02,slab_clutter,3,2,1,30020001,SC-RRT-no-SSFOR,3000,2585.892997591106
calibration-3d-02,slab_clutter,3,2,1,30020001,SC-RRT-no-SSFOR,4000,2585.892997591106
calibration-3d-02,slab_clutter,3,2,1,30020001,SC-RRT-no-SSFOR,5000,2585.892997591106
calibration-3d-02,slab_clutter,3,2,1,30020001,SC-RRT,100,nan
calibration-3d-02,slab_clutter,3,2,1,30020001,SC-RRT,250,2606.972268307532
calibration-3d-02,slab_clutter,3,2,1,30020001,SC-RRT,500,2588.9171045196163
calibration-3d-02,slab_clutter,3,2,1,30020001,SC-RRT,1000,2583.2458591692694
calibration-3d-02,slab_clutter,3,2,1,30020001,SC-RRT,2000,2573.984500174395
calibration-3d-02,slab_clutter,3,2,1,30020001,SC-RRT,3000,2573.3506842958714
calibration-3d-02,slab_clutter,3,2,1,30020001,SC-RRT,4000,2573.3506842958714
calibration-3d-02,slab_clutter,3,2,1,30020001,SC-RRT,5000,2573.3506842958714
calibration-3d-02,slab_clutter,3,2,1,30020001,SC-RRT-no-ADCS,100,nan
calibration-3d-02,slab_clutter,3,2,1,30020001,SC-RRT-no-ADCS,250,2606.972268307532
calibration-3d-02,slab_clutter,3,2,1,30020001,SC-RRT-no-ADCS,500,2588.9171045196163
calibration-3d-02,slab_clutter,3,2,1,30020001,SC-RRT-no-ADCS,1000,2583.2458591692694
calibration-3d-02,slab_clutter,3,2,1,30020001,SC-RRT-no-ADCS,2000,2573.984500174395
calibration-3d-02,slab_clutter,3,2,1,30020001,SC-RRT-no-ADCS,3000,2573.984500174395
calibration-3d-02,slab_clutter,3,2,1,30020001,SC-RRT-no-ADCS,4000,2573.984500174395
calibration-3d-02,slab_clutter,3,2,1,30020001,SC-RRT-no-ADCS,5000,2571.183257592385
calibration-3d-02,slab_clutter,3,2,2,30020002,SC-RRT,100,nan
calibration-3d-02,slab_clutter,3,2,2,30020002,SC-RRT,250,2550.2267928911288
calibration-3d-02,slab_clutter,3,2,2,30020002,SC-RRT,500,2543.8142229064983
calibration-3d-02,slab_clutter,3,2,2,30020002,SC-RRT,1000,2534.075064212388
calibration-3d-02,slab_clutter,3,2,2,30020002,SC-RRT,2000,2530.320946259341
calibration-3d-02,slab_clutter,3,2,2,30020002,SC-RRT,3000,2529.3208782923316
calibration-3d-02,slab_clutter,3,2,2,30020002,SC-RRT,4000,2529.3208782923316
calibration-3d-02,slab_clutter,3,2,2,30020002,SC-RRT,5000,2529.3208782923316
calibration-3d-02,slab_clutter,3,2,2,30020002,SC-RRT-no-ADCS,100,nan
calibration-3d-02,slab_clutter,3,2,2,30020002,SC-RRT-no-ADCS,250,2550.2267928911288
calibration-3d-02,slab_clutter,3,2,2,30020002,SC-RRT-no-ADCS,500,2543.8142229064983
calibration-3d-02,slab_clutter,3,2,2,30020002,SC-RRT-no-ADCS,1000,2534.075064212388
calibration-3d-02,slab_clutter,3,2,2,30020002,SC-RRT-no-ADCS,2000,2530.320946259341
calibration-3d-02,slab_clutter,3,2,2,30020002,SC-RRT-no-ADCS,3000,2529.02882582328
calibration-3d-02,slab_clutter,3,2,2,30020002,SC-RRT-no-ADCS,4000,2525.5786543742806
calibration-3d-02,slab_clutter,3,2,2,30020002,SC-RRT-no-ADCS,5000,2522.068495485271
calibration-3d-02,slab_clutter,3,2,2,30020002,SC-RRT-no-SSFOR,100,nan
calibration-3d-02,slab_clutter,3,2,2,30020002,SC-RRT-no-SSFOR,250,2548.6046417231096
calibration-3d-02,slab_clutter,3,2,2,30020002,SC-RRT-no-SSFOR,500,2548.6046417231096
calibration-3d-02,slab_clutter,3,2,2,30020002,SC-RRT-no-SSFOR,1000,2547.8046573386723
calibration-3d-02,slab_clutter,3,2,2,30020002,SC-RRT-no-SSFOR,2000,2547.8046573386723
calibration-3d-02,slab_clutter,3,2,2,30020002,SC-RRT-no-SSFOR,3000,2546.320704571533
calibration-3d-02,slab_clutter,3,2,2,30020002,SC-RRT-no-SSFOR,4000,2546.320704571533
calibration-3d-02,slab_clutter,3,2,2,30020002,SC-RRT-no-SSFOR,5000,2546.320704571533
calibration-3d-02,slab_clutter,3,2,3,30020003,SC-RRT-no-ADCS,100,nan
calibration-3d-02,slab_clutter,3,2,3,30020003,SC-RRT-no-ADCS,250,2587.313289573434
calibration-3d-02,slab_clutter,3,2,3,30020003,SC-RRT-no-ADCS,500,2587.313289573434
calibration-3d-02,slab_clutter,3,2,3,30020003,SC-RRT-no-ADCS,1000,2587.313289573434
calibration-3d-02,slab_clutter,3,2,3,30020003,SC-RRT-no-ADCS,2000,2580.6492062113625
calibration-3d-02,slab_clutter,3,2,3,30020003,SC-RRT-no-ADCS,3000,2580.373635896303
calibration-3d-02,slab_clutter,3,2,3,30020003,SC-RRT-no-ADCS,4000,2579.4938491407415
calibration-3d-02,slab_clutter,3,2,3,30020003,SC-RRT-no-ADCS,5000,2579.4938491407415
calibration-3d-02,slab_clutter,3,2,3,30020003,SC-RRT-no-SSFOR,100,nan
calibration-3d-02,slab_clutter,3,2,3,30020003,SC-RRT-no-SSFOR,250,2587.313289573434
calibration-3d-02,slab_clutter,3,2,3,30020003,SC-RRT-no-SSFOR,500,2587.313289573434
calibration-3d-02,slab_clutter,3,2,3,30020003,SC-RRT-no-SSFOR,1000,2587.313289573434
calibration-3d-02,slab_clutter,3,2,3,30020003,SC-RRT-no-SSFOR,2000,2587.313289573434
calibration-3d-02,slab_clutter,3,2,3,30020003,SC-RRT-no-SSFOR,3000,2587.313289573434
calibration-3d-02,slab_clutter,3,2,3,30020003,SC-RRT-no-SSFOR,4000,2587.313289573434
calibration-3d-02,slab_clutter,3,2,3,30020003,SC-RRT-no-SSFOR,5000,2587.313289573434
calibration-3d-02,slab_clutter,3,2,3,30020003,SC-RRT,100,nan
calibration-3d-02,slab_clutter,3,2,3,30020003,SC-RRT,250,2587.313289573434
calibration-3d-02,slab_clutter,3,2,3,30020003,SC-RRT,500,2587.313289573434
calibration-3d-02,slab_clutter,3,2,3,30020003,SC-RRT,1000,2587.313289573434
calibration-3d-02,slab_clutter,3,2,3,30020003,SC-RRT,2000,2580.6492062113625
calibration-3d-02,slab_clutter,3,2,3,30020003,SC-RRT,3000,2579.758152480126
calibration-3d-02,slab_clutter,3,2,3,30020003,SC-RRT,4000,2579.758152480126
calibration-3d-02,slab_clutter,3,2,3,30020003,SC-RRT,5000,2551.4964755380634
calibration-3d-02,slab_clutter,3,2,4,30020004,SC-RRT-no-SSFOR,100,nan
calibration-3d-02,slab_clutter,3,2,4,30020004,SC-RRT-no-SSFOR,250,2618.9747247797955
calibration-3d-02,slab_clutter,3,2,4,30020004,SC-RRT-no-SSFOR,500,2616.289977444029
calibration-3d-02,slab_clutter,3,2,4,30020004,SC-RRT-no-SSFOR,1000,2616.289977444029
calibration-3d-02,slab_clutter,3,2,4,30020004,SC-RRT-no-SSFOR,2000,2610.0946270162376
calibration-3d-02,slab_clutter,3,2,4,30020004,SC-RRT-no-SSFOR,3000,2608.913343410578
calibration-3d-02,slab_clutter,3,2,4,30020004,SC-RRT-no-SSFOR,4000,2604.422326276009
calibration-3d-02,slab_clutter,3,2,4,30020004,SC-RRT-no-SSFOR,5000,2597.1365839801856
calibration-3d-02,slab_clutter,3,2,4,30020004,SC-RRT,100,nan
calibration-3d-02,slab_clutter,3,2,4,30020004,SC-RRT,250,2621.0973036074506
calibration-3d-02,slab_clutter,3,2,4,30020004,SC-RRT,500,2594.7757332358506
calibration-3d-02,slab_clutter,3,2,4,30020004,SC-RRT,1000,2594.3158359059453
calibration-3d-02,slab_clutter,3,2,4,30020004,SC-RRT,2000,2583.3635971945573
calibration-3d-02,slab_clutter,3,2,4,30020004,SC-RRT,3000,2580.2198842514235
calibration-3d-02,slab_clutter,3,2,4,30020004,SC-RRT,4000,2572.6953709532518
calibration-3d-02,slab_clutter,3,2,4,30020004,SC-RRT,5000,2572.6953709532518
calibration-3d-02,slab_clutter,3,2,4,30020004,SC-RRT-no-ADCS,100,nan
calibration-3d-02,slab_clutter,3,2,4,30020004,SC-RRT-no-ADCS,250,2621.0973036074506
calibration-3d-02,slab_clutter,3,2,4,30020004,SC-RRT-no-ADCS,500,2594.7757332358506
calibration-3d-02,slab_clutter,3,2,4,30020004,SC-RRT-no-ADCS,1000,2594.3158359059453
calibration-3d-02,slab_clutter,3,2,4,30020004,SC-RRT-no-ADCS,2000,2583.3635971945573
calibration-3d-02,slab_clutter,3,2,4,30020004,SC-RRT-no-ADCS,3000,2580.2198842514235
calibration-3d-02,slab_clutter,3,2,4,30020004,SC-RRT-no-ADCS,4000,2570.5944623324103
calibration-3d-02,slab_clutter,3,2,4,30020004,SC-RRT-no-ADCS,5000,2569.237560052704
calibration-3d-03,uniform_clutter,3,3,0,30030000,SC-RRT,100,nan
calibration-3d-03,uniform_clutter,3,3,0,30030000,SC-RRT,250,2574.342389683691
calibration-3d-03,uniform_clutter,3,3,0,30030000,SC-RRT,500,2565.0071930709737
calibration-3d-03,uniform_clutter,3,3,0,30030000,SC-RRT,1000,2565.0071930709737
calibration-3d-03,uniform_clutter,3,3,0,30030000,SC-RRT,2000,2558.9192336188007
calibration-3d-03,uniform_clutter,3,3,0,30030000,SC-RRT,3000,2554.8239960328547
calibration-3d-03,uniform_clutter,3,3,0,30030000,SC-RRT,4000,2552.293084263871
calibration-3d-03,uniform_clutter,3,3,0,30030000,SC-RRT,5000,2548.1156760110816
calibration-3d-03,uniform_clutter,3,3,0,30030000,SC-RRT-no-ADCS,100,nan
calibration-3d-03,uniform_clutter,3,3,0,30030000,SC-RRT-no-ADCS,250,2574.342389683691
calibration-3d-03,uniform_clutter,3,3,0,30030000,SC-RRT-no-ADCS,500,2565.0071930709737
calibration-3d-03,uniform_clutter,3,3,0,30030000,SC-RRT-no-ADCS,1000,2565.0071930709737
calibration-3d-03,uniform_clutter,3,3,0,30030000,SC-RRT-no-ADCS,2000,2558.9192336188007
calibration-3d-03,uniform_clutter,3,3,0,30030000,SC-RRT-no-ADCS,3000,2557.297611844166
calibration-3d-03,uniform_clutter,3,3,0,30030000,SC-RRT-no-ADCS,4000,2556.699296041279
calibration-3d-03,uniform_clutter,3,3,0,30030000,SC-RRT-no-ADCS,5000,2556.699296041279
calibration-3d-03,uniform_clutter,3,3,0,30030000,SC-RRT-no-SSFOR,100,nan
calibration-3d-03,uniform_clutter,3,3,0,30030000,SC-RRT-no-SSFOR,250,2576.378771168557
calibration-3d-03,uniform_clutter,3,3,0,30030000,SC-RRT-no-SSFOR,500,2575.663345103179
calibration-3d-03,uniform_clutter,3,3,0,30030000,SC-RRT-no-SSFOR,1000,2558.2129085150823
calibration-3d-03,uniform_clutter,3,3,0,30030000,SC-RRT-no-SSFOR,2000,2556.905498820398
calibration-3d-03,uniform_clutter,3,3,0,30030000,SC-RRT-no-SSFOR,3000,2556.402362805
calibration-3d-03,uniform_clutter,3,3,0,30030000,SC-RRT-no-SSFOR,4000,2553.8320751423244
calibration-3d-03,uniform_clutter,3,3,0,30030000,SC-RRT-no-SSFOR,5000,2553.8320751423244
calibration-3d-03,uniform_clutter,3,3,1,30030001,SC-RRT-no-ADCS,100,nan
calibration-3d-03,uniform_clutter,3,3,1,30030001,SC-RRT-no-ADCS,250,2900.7237047124227
calibration-3d-03,uniform_clutter,3,3,1,30030001,SC-RRT-no-ADCS,500,2659.621811193924
calibration-3d-03,uniform_clutter,3,3,1,30030001,SC-RRT-no-ADCS,1000,2656.3891336137585
calibration-3d-03,uniform_clutter,3,3,1,30030001,SC-RRT-no-ADCS,2000,2622.348010238239
calibration-3d-03,uniform_clutter,3,3,1,30030001,SC-RRT-no-ADCS,3000,2607.0215000578214
calibration-3d-03,uniform_clutter,3,3,1,30030001,SC-RRT-no-ADCS,4000,2607.0215000578214
calibration-3d-03,uniform_clutter,3,3,1,30030001,SC-RRT-no-ADCS,5000,2606.7175446843376
calibration-3d-03,uniform_clutter,3,3,1,30030001,SC-RRT-no-SSFOR,100,nan
calibration-3d-03,uniform_clutter,3,3,1,30030001,SC-RRT-no-SSFOR,250,2900.7237047124227
calibration-3d-03,uniform_clutter,3,3,1,30030001,SC-RRT-no-SSFOR,500,2736.9760336538325
calibration-3d-03,uniform_clutter,3,3,1,30030001,SC-RRT-no-SSFOR,1000,2714.2653764234806
calibration-3d-03,uniform_clutter,3,3,1,30030001,SC-RRT-no-SSFOR,2000,2707.359879022447
calibration-3d-03,uniform_clutter,3,3,1,30030001,SC-RRT-no-SSFOR,3000,2707.359879022447
calibration-3d-03,uniform_clutter,3,3,1,30030001,SC-RRT-no-SSFOR,4000,2707.359879022447
calibration-3d-03,uniform_clutter,3,3,1,30030001,SC-RRT-no-SSFOR,5000,2707.359879022447
calibration-3d-03,uniform_clutter,3,3,1,30030001,SC-RRT,100,nan
calibration-3d-03,uniform_clutter,3,3,1,30030001,SC-RRT,250,2900.7237047124227
calibration-3d-03,uniform_clutter,3,3,1,30030001,SC-RRT,500,2659.621811193924
calibration-3d-03,uniform_clutter,3,3,1,30030001,SC-RRT,1000,2656.3891336137585
calibration-3d-03,uniform_clutter,3,3,1,30030001,SC-RRT,2000,2622.348010238239
calibration-3d-03,uniform_clutter,3,3,1,30030001,SC-RRT,3000,2607.0215000578214
calibration-3d-03,uniform_clutter,3,3,1,30030001,SC-RRT,4000,2580.708137051024
calibration-3d-03,uniform_clutter,3,3,1,30030001,SC-RRT,5000,2580.708137051024
calibration-3d-03,uniform_clutter,3,3,2,30030002,SC-RRT-no-SSFOR,100,nan
calibration-3d-03,uniform_clutter,3,3,2,30030002,SC-RRT-no-SSFOR,250,2561.972046404711
calibration-3d-03,uniform_clutter,3,3,2,30030002,SC-RRT-no-SSFOR,500,2561.972046404711
calibration-3d-03,uniform_clutter,3,3,2,30030002,SC-RRT-no-SSFOR,1000,2561.942983492857
calibration-3d-03,uniform_clutter,3,3,2,30030002,SC-RRT-no-SSFOR,2000,2561.942983492857
calibration-3d-03,uniform_clutter,3,3,2,30030002,SC-RRT-no-SSFOR,3000,2561.942983492857
calibration-3d-03,uniform_clutter,3,3,2,30030002,SC-RRT-no-SSFOR,4000,2557.064452645654
calibration-3d-03,uniform_clutter,3,3,2,30030002,SC-RRT-no-SSFOR,5000,2557.064452645654
calibration-3d-03,uniform_clutter,3,3,2,30030002,SC-RRT,100,nan
calibration-3d-03,uniform_clutter,3,3,2,30030002,SC-RRT,250,2571.6134485561975
calibration-3d-03,uniform_clutter,3,3,2,30030002,SC-RRT,500,2571.6134485561975
calibration-3d-03,uniform_clutter,3,3,2,30030002,SC-RRT,1000,2571.6134485561975
calibration-3d-03,uniform_clutter,3,3,2,30030002,SC-RRT,2000,2571.6134485561975
calibration-3d-03,uniform_clutter,3,3,2,30030002,SC-RRT,3000,2536.2971964077656
calibration-3d-03,uniform_clutter,3,3,2,30030002,SC-RRT,4000,2519.929383452824
calibration-3d-03,uniform_clutter,3,3,2,30030002,SC-RRT,5000,2519.4462235067595
calibration-3d-03,uniform_clutter,3,3,2,30030002,SC-RRT-no-ADCS,100,nan
calibration-3d-03,uniform_clutter,3,3,2,30030002,SC-RRT-no-ADCS,250,2571.6134485561975
calibration-3d-03,uniform_clutter,3,3,2,30030002,SC-RRT-no-ADCS,500,2571.6134485561975
calibration-3d-03,uniform_clutter,3,3,2,30030002,SC-RRT-no-ADCS,1000,2571.6134485561975
calibration-3d-03,uniform_clutter,3,3,2,30030002,SC-RRT-no-ADCS,2000,2571.6134485561975
calibration-3d-03,uniform_clutter,3,3,2,30030002,SC-RRT-no-ADCS,3000,2568.6262114451984
calibration-3d-03,uniform_clutter,3,3,2,30030002,SC-RRT-no-ADCS,4000,2562.9793980448662
calibration-3d-03,uniform_clutter,3,3,2,30030002,SC-RRT-no-ADCS,5000,2561.9577478502697
calibration-3d-03,uniform_clutter,3,3,3,30030003,SC-RRT,100,nan
calibration-3d-03,uniform_clutter,3,3,3,30030003,SC-RRT,250,2563.717165247834
calibration-3d-03,uniform_clutter,3,3,3,30030003,SC-RRT,500,2556.9521423049227
calibration-3d-03,uniform_clutter,3,3,3,30030003,SC-RRT,1000,2553.1313244871235
calibration-3d-03,uniform_clutter,3,3,3,30030003,SC-RRT,2000,2530.4711734065295
calibration-3d-03,uniform_clutter,3,3,3,30030003,SC-RRT,3000,2518.405465525631
calibration-3d-03,uniform_clutter,3,3,3,30030003,SC-RRT,4000,2518.405465525631
calibration-3d-03,uniform_clutter,3,3,3,30030003,SC-RRT,5000,2509.805120640807
calibration-3d-03,uniform_clutter,3,3,3,30030003,SC-RRT-no-ADCS,100,nan
calibration-3d-03,uniform_clutter,3,3,3,30030003,SC-RRT-no-ADCS,250,2563.717165247834
calibration-3d-03,uniform_clutter,3,3,3,30030003,SC-RRT-no-ADCS,500,2556.9521423049227
calibration-3d-03,uniform_clutter,3,3,3,30030003,SC-RRT-no-ADCS,1000,2553.1313244871235
calibration-3d-03,uniform_clutter,3,3,3,30030003,SC-RRT-no-ADCS,2000,2530.4711734065295
calibration-3d-03,uniform_clutter,3,3,3,30030003,SC-RRT-no-ADCS,3000,2526.660784001896
calibration-3d-03,uniform_clutter,3,3,3,30030003,SC-RRT-no-ADCS,4000,2526.660784001896
calibration-3d-03,uniform_clutter,3,3,3,30030003,SC-RRT-no-ADCS,5000,2526.660784001896
calibration-3d-03,uniform_clutter,3,3,3,30030003,SC-RRT-no-SSFOR,100,nan
calibration-3d-03,uniform_clutter,3,3,3,30030003,SC-RRT-no-SSFOR,250,2565.185805099838
calibration-3d-03,uniform_clutter,3,3,3,30030003,SC-RRT-no-SSFOR,500,2557.125455985417
calibration-3d-03,uniform_clutter,3,3,3,30030003,SC-RRT-no-SSFOR,1000,2555.6985275760144
calibration-3d-03,uniform_clutter,3,3,3,30030003,SC-RRT-no-SSFOR,2000,2555.4844500578974
calibration-3d-03,uniform_clutter,3,3,3,30030003,SC-RRT-no-SSFOR,3000,2555.4844500578974
calibration-3d-03,uniform_clutter,3,3,3,30030003,SC-RRT-no-SSFOR,4000,2553.299990281054
calibration-3d-03,uniform_clutter,3,3,3,30030003,SC-RRT-no-SSFOR,5000,2551.256589021331
calibration-3d-03,uniform_clutter,3,3,4,30030004,SC-RRT-no-ADCS,100,nan
calibration-3d-03,uniform_clutter,3,3,4,30030004,SC-RRT-no-ADCS,250,2539.6966466473564
calibration-3d-03,uniform_clutter,3,3,4,30030004,SC-RRT-no-ADCS,500,2536.7503157563556
calibration-3d-03,uniform_clutter,3,3,4,30030004,SC-RRT-no-ADCS,1000,2536.1473507899855
calibration-3d-03,uniform_clutter,3,3,4,30030004,SC-RRT-no-ADCS,2000,2534.580280477136
calibration-3d-03,uniform_clutter,3,3,4,30030004,SC-RRT-no-ADCS,3000,2530.841167010991
calibration-3d-03,uniform_clutter,3,3,4,30030004,SC-RRT-no-ADCS,4000,2530.217850863088
calibration-3d-03,uniform_clutter,3,3,4,30030004,SC-RRT-no-ADCS,5000,2526.4925491010727
calibration-3d-03,uniform_clutter,3,3,4,30030004,SC-RRT-no-SSFOR,100,nan
calibration-3d-03,uniform_clutter,3,3,4,30030004,SC-RRT-no-SSFOR,250,2529.660571586374
calibration-3d-03,uniform_clutter,3,3,4,30030004,SC-RRT-no-SSFOR,500,2529.660571586374
calibration-3d-03,uniform_clutter,3,3,4,30030004,SC-RRT-no-SSFOR,1000,2529.660571586374
calibration-3d-03,uniform_clutter,3,3,4,30030004,SC-RRT-no-SSFOR,2000,2527.7668807176865
calibration-3d-03,uniform_clutter,3,3,4,30030004,SC-RRT-no-SSFOR,3000,2527.7668807176865
calibration-3d-03,uniform_clutter,3,3,4,30030004,SC-RRT-no-SSFOR,4000,2525.8056778682394
calibration-3d-03,uniform_clutter,3,3,4,30030004,SC-RRT-no-SSFOR,5000,2525.8056778682394
calibration-3d-03,uniform_clutter,3,3,4,30030004,SC-RRT,100,nan
calibration-3d-03,uniform_clutter,3,3,4,30030004,SC-RRT,250,2539.6966466473564
calibration-3d-03,uniform_clutter,3,3,4,30030004,SC-RRT,500,2536.7503157563556
calibration-3d-03,uniform_clutter,3,3,4,30030004,SC-RRT,1000,2536.1473507899855
calibration-3d-03,uniform_clutter,3,3,4,30030004,SC-RRT,2000,2534.580280477136
calibration-3d-03,uniform_clutter,3,3,4,30030004,SC-RRT,3000,2533.4951773062157
calibration-3d-03,uniform_clutter,3,3,4,30030004,SC-RRT,4000,2533.4951773062157
calibration-3d-03,uniform_clutter,3,3,4,30030004,SC-RRT,5000,2529.33907207051
