environment_id,family,dimension,seed,algorithm,success,budget_limit,expansion_attempts,added_nodes,total_nodes,collision_checks,collision_rejections,rewire_attempts,rewire_successes,first_solution_attempt,first_solution_time_s,first_solution_nodes,first_solution_cost_mm,first_solution_efficiency,fixed_budget_time_s,fixed_budget_cost_mm,fixed_budget_efficiency,path_valid,map_index,seed_index,pareto_start_index,gamma_a_final,gamma_b_final,p_a_final,p_b_final,feedback_updates,pid_improvement_ema_final
calibration-2d-00,uniform_clutter,2,20000000,RRT,1,5000,5000,3678,3679,4831,1137,0,0,1096.0,0.07447904301807284,719.0,2433.3156283933645,0.7846036440674367,0.36298598803114146,2433.3156283933645,0.7846036440674367,1,0,0,,,,,,,
calibration-2d-00,uniform_clutter,2,20000000,RRT-Connect,1,5000,5000,4213,4215,5000,787,0,0,225.0,0.01122131699230522,113.0,2175.4781320368547,0.8775948059823269,0.6271799870301038,2158.201486145639,0.8846200512137183,1,0,0,,,,,,,
calibration-2d-00,uniform_clutter,2,20000000,RRT*,1,5000,5000,3678,3679,25948,1137,21117,4661,1096.0,0.22749884403310716,719.0,2030.8580483345295,0.940089491123897,1.8062525070272386,1967.1735075975625,0.9705235973492244,1,0,0,,,,,,,
calibration-2d-00,uniform_clutter,2,20000000,Informed-RRT*,1,5000,5000,3643,3644,33773,1173,28933,4881,1096.0,0.21407120500225574,719.0,2030.8580483345295,0.940089491123897,2.9441161069553345,1948.3265393106606,0.9799118734373808,1,0,0,,,,,,,
calibration-2d-00,uniform_clutter,2,20000000,Dynamic-RRT,1,5000,5000,3198,3199,4470,1259,0,0,1464.0,0.4546614430146292,841.0,2322.4236312211365,0.8220672075231262,1.8607247010222636,2322.4236312211365,0.8220672075231262,1,0,0,322,,,,,,
calibration-2d-00,uniform_clutter,2,20000000,SC-RRT,1,5000,5000,3099,3101,15141,1314,8845,3113,566.0,0.04200116597348824,172.0,2077.8241099802713,0.9188401944290683,1.4487414289615117,1976.5639733650619,0.9659127328691123,1,0,0,,1.28726831686514,1.28726831686514,0.9483446567550463,0.9483446567550463,99,0.04745241292503037
calibration-2d-00,uniform_clutter,2,20000001,RRT-Connect,1,5000,5000,4062,4064,5000,938,0,0,273.0,0.013929757988080382,114.0,2131.1480386680787,0.89584968972727,0.6314483510213904,2124.9968751303873,0.898442878456719,1,0,1,,,,,,,
calibration-2d-00,uniform_clutter,2,20000001,RRT*,1,5000,5000,3724,3725,25274,1119,20415,4212,1337.0,0.32048422400839627,932.0,1975.8798310886195,0.9662471771635033,1.8536221940303221,1961.1501355765988,0.9735044118090208,1,0,1,,,,,,,
calibration-2d-00,uniform_clutter,2,20000001,Informed-RRT*,1,5000,5000,3631,3632,33526,1169,28701,4849,1337.0,0.33332352800061926,932.0,1975.8798310886195,0.9662471771635033,2.7972555679734796,1947.06052421701,0.9805490304270015,1,0,1,,,,,,,
calibration-2d-00,uniform_clutter,2,20000001,Dynamic-RRT,1,5000,5000,3318,3319,4367,1036,0,0,930.0,0.28258683101739734,609.0,2486.260526100133,0.7678955158405578,1.8332384370150976,2486.260526100133,0.7678955158405578,1,0,1,1397,,,,,,
calibration-2d-00,uniform_clutter,2,20000001,SC-RRT,1,5000,5000,3313,3315,15942,1200,9180,3344,475.0,0.03507012501358986,157.0,2123.3199641356446,0.8991524317819267,1.5643007030012086,1960.6392121359222,0.9737580975562591,1,0,1,,1.2866519983162092,1.2866519983162092,0.9487812728751203,0.9487812728751203,99,0.06208427447491674
calibration-2d-00,uniform_clutter,2,20000001,RRT,1,5000,5000,3724,3725,4859,1119,0,0,1337.0,0.0725326809915714,932.0,2332.0042486540874,0.818689893170462,0.33897544495994225,2332.0042486540874,0.818689893170462,1,0,1,,,,,,,
calibration-2d-00,uniform_clutter,2,20000002,RRT*,1,5000,5000,3586,3587,25993,1243,21148,4673,1268.0,0.2838536719791591,812.0,1959.591769699136,0.9742785914521389,1.7981625279644504,1946.6214999754661,0.9807701750071806,1,0,2,,,,,,,
calibration-2d-00,uniform_clutter,2,20000002,Informed-RRT*,1,5000,5000,3566,3567,36755,1229,31939,4583,1268.0,0.3128941779723391,812.0,1959.591769699136,0.9742785914521389,3.1754622209700756,1937.6347950075722,0.985318964194291,1,0,2,,,,,,,
calibration-2d-00,uniform_clutter,2,20000002,Dynamic-RRT,1,5000,5000,3329,3330,4355,1007,0,0,638.0,0.1722240120288916,399.0,2341.654116436159,0.8153161031780968,1.8232140809996054,2338.9189859000307,0.816269533366933,1,0,2,224,,,,,,
calibration-2d-00,uniform_clutter,2,20000002,SC-RRT,1,5000,5000,3294,3296,15906,1018,9503,3345,256.0,0.023440606018994004,130.0,2173.4064705221954,0.8784313174263099,1.4974746740190312,1956.109095787611,0.9760132056617014,1,0,2,,1.2863353973704914,1.2863353973704914,0.9490055458129364,0.9490055458129364,99,0.03759294545240537
calibration-2d-00,uniform_clutter,2,20000002,RRT,1,5000,5000,3586,3587,4845,1243,0,0,1268.0,0.0750700969947502,812.0,2314.4398489877603,0.8249029716795957,0.42696609400445595,2314.4398489877603,0.8249029716795957,1,0,2,,,,,,,
calibration-2d-00,uniform_clutter,2,20000002,RRT-Connect,1,5000,5000,3972,3974,5000,1028,0,0,325.0,0.016355792991816998,136.0,2292.719622092305,0.8327177430711649,0.6071530960034579,2265.358554921349,0.8427753324329549,1,0,2,,,,,,,
calibration-2d-00,uniform_clutter,2,20000003,Informed-RRT*,1,5000,5000,3706,3707,39171,1050,34375,3982,486.0,0.08000599901424721,326.0,2006.6028810941314,0.9514529891249153,3.564594637020491,1945.7885074280707,0.9811900429647565,1,0,3,,,,,,,
calibration-2d-00,uniform_clutter,2,20000003,Dynamic-RRT,1,5000,5000,3329,3330,4404,1057,0,0,639.0,0.20426543400390074,398.0,2224.1165013558584,0.8584030144283383,1.9320018549915403,2224.1165013558584,0.8584030144283383,1,0,3,402,,,,,,
calibration-2d-00,uniform_clutter,2,20000003,SC-RRT,1,5000,5000,3491,3493,16659,1018,9761,3971,223.0,0.020054800028447062,111.0,2188.0144504227815,0.8725665906067362,1.5953652810421772,1963.173527058123,0.9725010463362639,1,0,3,,1.2854876036393996,1.2854876036393996,0.9496060512089084,0.9496060512089084,99,0.06634022122507126
calibration-2d-00,uniform_clutter,2,20000003,RRT,1,5000,5000,3704,3705,4777,1051,0,0,486.0,0.027741278987377882,326.0,2350.736760035081,0.8121659309803735,0.3761512159835547,2350.736760035081,0.8121659309803735,1,0,3,,,,,,,
calibration-2d-00,uniform_clutter,2,20000003,RRT-Connect,1,5000,5000,4130,4132,5000,870,0,0,235.0,0.02883176103932783,127.0,2353.2798799402435,0.8112882473002565,0.6627344560110942,2165.609749288741,0.88159388358439,1,0,3,,,,,,,
calibration-2d-00,uniform_clutter,2,20000003,RRT*,1,5000,5000,3704,3705,26315,1051,21538,4793,486.0,0.07968305400572717,326.0,2006.6028810941314,0.9514529891249153,1.8853840560186654,1964.664490999964,0.9717630251626068,1,0,3,,,,,,,
calibration-2d-00,uniform_clutter,2,20000004,Dynamic-RRT,1,5000,5000,3232,3233,4348,1101,0,0,691.0,0.1761814010096714,382.0,2579.2728480197325,0.7402040891755521,1.8414153290214017,2579.2728480197325,0.7402040891755521,1,0,4,370,,,,,,
calibration-2d-00,uniform_clutter,2,20000004,SC-RRT,1,5000,5000,3362,3364,16919,1093,10229,3783,320.0,0.021407587977591902,136.0,2202.8370283965282,0.8666952137595941,1.6072773599880747,1959.2676475169703,0.9744397666256783,1,0,4,,1.3116843671623903,1.3116843671623903,0.9310239501606323,0.9310239501606323,99,0.025889725098011348
calibration-2d-00,uniform_clutter,2,20000004,RRT,1,5000,5000,3646,3647,4815,1157,0,0,787.0,0.04534765100106597,520.0,2530.0563024102753,0.7546030921860818,0.3839968959800899,2530.0563024102753,0.7546030921860818,1,0,4,,,,,,,
calibration-2d-00,uniform_clutter,2,20000004,RRT-Connect,1,5000,5000,4190,4192,5000,810,0,0,167.0,0.017973602982237935,83.0,2148.948366703303,0.8884291213253114,0.6597426100051962,2133.324539191887,0.8949357090913543,1,0,4,,,,,,,
calibration-2d-00,uniform_clutter,2,20000004,RRT*,1,5000,5000,3646,3647,27561,1157,22746,5772,787.0,0.15335135901113972,520.0,2087.0642233270496,0.9147721895017614,2.0230176789918914,1963.1212598774205,0.9725269387194605,1,0,4,,,,,,,
calibration-2d-00,uniform_clutter,2,20000004,Informed-RRT*,1,5000,5000,3689,3690,36414,1108,31589,5958,787.0,0.1420141789712943,520.0,2087.0642233270496,0.9147721895017614,2.90882687701378,1951.5298415735874,0.9783034153678287,1,0,4,,,,,,,
calibration-2d-01,central_cluster,2,20010000,SC-RRT,1,5000,5000,2640,2642,12310,1793,6544,2240,1133.0,0.0676752749714069,287.0,2581.0745389260064,0.739687397791347,0.9438021309906617,2160.1759195338036,0.8838114951377238,1,1,0,,1.2940778202433172,1.2940778202433172,0.9435181943516233,0.9435181943516233,99,0.16242780972958373
calibration-2d-01,central_cluster,2,20010000,RRT,1,5000,5000,3590,3591,4829,1229,0,0,1162.0,0.05175319901900366,589.0,2511.731597037909,0.760108409455528,0.2972125830128789,2511.731597037909,0.760108409455528,1,1,0,,,,,,,
calibration-2d-01,central_cluster,2,20010000,RRT-Connect,1,5000,5000,3881,3883,5000,1119,0,0,723.0,0.032641821017023176,208.0,2412.830995054725,0.791264830863289,0.4973361250013113,2358.407580371347,0.8095243269626294,1,1,0,,,,,,,
calibration-2d-01,central_cluster,2,20010000,RRT*,1,5000,5000,3590,3591,24157,1229,19328,4677,1162.0,0.15986774797784165,589.0,2213.0122908612243,0.8627102149806367,1.5148376969737,2049.4425267271336,0.9315646983536372,1,1,0,,,,,,,
calibration-2d-01,central_cluster,2,20010000,Informed-RRT*,1,5000,5000,3393,3394,29918,1424,25079,5028,1162.0,0.17043071798980236,589.0,2213.0122908612243,0.8627102149806367,1.9971537140081637,2028.905259249905,0.940994312326596,1,1,0,,,,,,,
calibration-2d-01,central_cluster,2,20010000,Dynamic-RRT,1,5000,5000,3219,3220,4336,1102,0,0,485.0,0.08655084494967014,222.0,2502.3319739197545,0.7629636391581761,1.5731890519964509,2502.3319739197545,0.7629636391581761,1,1,0,218,,,,,,
calibration-2d-01,central_cluster,2,20010001,RRT,1,5000,5000,3438,3439,4850,1399,0,0,2088.0,0.10561545100063086,1235.0,2906.040036157527,0.6569724730042182,0.3084611489903182,2906.040036157527,0.6569724730042182,1,1,1,,,,,,,
calibration-2d-01,central_cluster,2,20010001,RRT-Connect,1,5000,5000,2939,2941,5000,2061,0,0,2170.0,0.09446395101258531,527.0,2730.6959004491746,0.6991581555784495,0.39650555298430845,2651.2323227063357,0.720113546011241,1,1,1,,,,,,,
calibration-2d-01,central_cluster,2,20010001,RRT*,1,5000,5000,3438,3439,23088,1399,18238,4125,2088.0,0.42493227298837155,1235.0,2256.0310523888206,0.8462597654328009,1.459359884960577,2043.3445144410414,0.9343447938958733,1,1,1,,,,,,,
calibration-2d-01,central_cluster,2,20010001,Informed-RRT*,1,5000,5000,3285,3286,25110,1575,20232,4129,2088.0,0.44651108200196177,1235.0,2256.0310523888206,0.8462597654328009,1.6989903950016014,2037.6479541588724,0.9369568994030564,1,1,1,,,,,,,
calibration-2d-01,central_cluster,2,20010001,Dynamic-RRT,1,5000,5000,3226,3227,4477,1239,0,0,1504.0,0.37546220899093896,855.0,2800.9949163867827,0.6816107726701932,1.5904742819839157,2800.9949163867827,0.6816107726701932,1,1,1,1188,,,,,,
calibration-2d-01,central_cluster,2,20010001,SC-RRT,1,5000,5000,3057,3059,15231,1385,9002,2935,459.0,0.028304580016992986,146.0,2313.1888595223086,0.8253490852441423,1.2691627910244279,2122.6751378644376,0.8994255763152047,1,1,1,,1.2866513928996641,1.2866513928996641,0.9487817017485376,0.9487817017485376,99,0.04125557645845849
calibration-2d-01,central_cluster,2,20010002,RRT-Connect,1,5000,5000,3664,3666,5000,1336,0,0,837.0,0.03719520597951487,253.0,2831.801900072931,0.6741955746108188,0.4791175579885021,2400.560508894698,0.7953093880073596,1,1,2,,,,,,,
calibration-2d-01,central_cluster,2,20010002,RRT*,1,5000,5000,3762,3763,24834,1059,20000,4635,1248.0,0.2638440660084598,877.0,2096.3957849309277,0.9107003185787184,1.6055194860091433,2057.923879627252,0.9277254266321483,1,1,2,,,,,,,
calibration-2d-01,central_cluster,2,20010002,Informed-RRT*,1,5000,5000,3528,3529,27821,1282,22992,4599,1248.0,0.2624941379763186,877.0,2096.3957849309277,0.9107003185787184,1.9846535259857774,2062.4633404227498,0.9256835124217752,1,1,2,,,,,,,
calibration-2d-01,central_cluster,2,20010002,Dynamic-RRT,1,5000,5000,3345,3346,4411,1054,0,0,1146.0,0.33750216697808355,706.0,2848.128780693284,0.6703307526490949,1.8798841549432836,2848.128780693284,0.6703307526490949,1,1,2,2699,,,,,,
calibration-2d-01,central_cluster,2,20010002,SC-RRT,1,5000,5000,2690,2692,12347,1563,7012,2404,888.0,0.06363017699914053,276.0,2328.448114338188,0.8199402415055851,1.0514487129985355,2065.090679841933,0.9245057991108712,1,1,2,,1.2901422965772962,1.2901422965772962,0.9463081511344114,0.9463081511344114,99,0.08009578911926808
calibration-2d-01,central_cluster,2,20010002,RRT,1,5000,5000,3762,3763,4834,1059,0,0,1248.0,0.06431147898547351,877.0,2628.4998382194135,0.7263414216137034,0.31959456397453323,2628.4998382194135,0.7263414216137034,1,1,2,,,,,,,
calibration-2d-01,central_cluster,2,20010003,RRT*,1,5000,5000,3642,3643,23171,1207,18307,3824,1966.0,0.4169577799621038,1263.0,2159.9264557437486,0.8839135722083041,1.5398288199794479,2081.433699432808,0.9172467562737805,1,1,3,,,,,,,
calibration-2d-01,central_cluster,2,20010003,Informed-RRT*,1,5000,5000,3415,3416,24846,1453,19960,4121,1966.0,0.4224407500005327,1263.0,2159.9264557437486,0.8839135722083041,1.7544305570190772,2057.5086715322127,0.927912642906102,1,1,3,,,,,,,
calibration-2d-01,central_cluster,2,20010003,Dynamic-RRT,1,5000,5000,3374,3375,4490,1101,0,0,1474.0,0.3981189629994333,886.0,2908.164012841025,0.6564926533626163,1.647952483035624,2908.164012841025,0.6564926533626163,1,1,3,342,,,,,,
calibration-2d-01,central_cluster,2,20010003,SC-RRT,1,5000,5000,3238,3240,15624,1298,9042,3357,488.0,0.030284206033684313,163.0,2306.7558376706556,0.8276507977244623,1.2784727470134385,2183.2373018892313,0.8744758563586245,1,1,3,,1.2858966351857593,1.2858966351857593,0.949316337458625,0.949316337458625,99,0.04270329750006667
calibration-2d-01,central_cluster,2,20010003,RRT,1,5000,5000,3642,3643,4864,1207,0,0,1966.0,0.11088607501005754,1263.0,2803.919520789132,0.680899824352433,0.34053985902573913,2803.919520789132,0.680899824352433,1,1,3,,,,,,,
calibration-2d-01,central_cluster,2,20010003,RRT-Connect,1,5000,5000,3688,3690,5000,1312,0,0,814.0,0.03742650500498712,212.0,2605.454556295137,0.7327659216280769,0.4681762949912809,2479.5724803435205,0.7699667278688215,1,1,3,,,,,,,
calibration-2d-01,central_cluster,2,20010004,Informed-RRT*,1,5000,5000,3427,3428,27495,1425,22625,5011,1881.0,0.42573888500919566,1206.0,2093.2213467820106,0.91208142518647,1.954513181000948,2056.3504414012154,0.9284352855259147,1,1,4,,,,,,,
calibration-2d-01,central_cluster,2,20010004,Dynamic-RRT,1,5000,5000,3359,3360,4354,982,0,0,472.0,0.10314151097554713,256.0,2372.376545953809,0.8047577069752614,1.648220486997161,2372.376545953809,0.8047577069752614,1,1,4,265,,,,,,
calibration-2d-01,central_cluster,2,20010004,SC-RRT,1,5000,5000,2408,2410,10955,1798,5981,2012,1486.0,0.12148115801392123,476.0,2267.9499603704003,0.8418123603096916,0.928622842009645,2107.321836064519,0.90597851573025,1,1,4,,1.2866044522524893,1.2866044522524893,0.9488149541020305,0.9488149541020305,99,0.14686168678299444
calibration-2d-01,central_cluster,2,20010004,RRT,1,5000,5000,3625,3626,4862,1222,0,0,1881.0,0.11018255999078974,1206.0,2556.716074503717,0.7467345820064396,0.3443628849927336,2556.716074503717,0.7467345820064396,1,1,4,,,,,,,
calibration-2d-01,central_cluster,2,20010004,RRT-Connect,1,5000,5000,3754,3756,5000,1246,0,0,843.0,0.03810969501500949,160.0,2735.6423250483012,0.6978939796780521,0.5708804609603249,2513.356739583595,0.7596169215198582,1,1,4,,,,,,,
calibration-2d-01,central_cluster,2,20010004,RRT*,1,5000,5000,3625,3626,24387,1222,19525,4182,1881.0,0.43954276997828856,1206.0,2093.2213467820106,0.91208142518647,1.6816889580222778,2058.512380390489,0.9274602025184397,1,1,4,,,,,,,
calibration-2d-02,slab_clutter,2,20020000,Dynamic-RRT,1,5000,5000,3199,3200,4388,1173,0,0,938.0,0.23487827501958236,485.0,2447.4153232660524,0.7800834991324173,1.637046277988702,2447.4153232660524,0.7800834991324173,1,2,0,2327,,,,,,
calibration-2d-02,slab_clutter,2,20020000,SC-RRT,1,5000,5000,3374,3376,15785,1032,9279,3209,196.0,0.017258464999031276,132.0,2032.7691276976154,0.9392056791840847,1.3879612340242602,1944.885310833618,0.9816457035121319,1,2,0,,1.305093388037132,1.305093388037132,0.935703006620919,0.935703006620919,99,0.024723446274032092
calibration-2d-02,slab_clutter,2,20020000,RRT,1,5000,5000,3841,3842,4826,969,0,0,664.0,0.03564324602484703,453.0,2202.0852334966035,0.8669911046867855,0.3376997329760343,2202.0852334966035,0.8669911046867855,1,2,0,,,,,,,
calibration-2d-02,slab_clutter,2,20020000,RRT-Connect,1,5000,5000,4316,4318,5000,684,0,0,273.0,0.013697824033442885,133.0,2235.301141436612,0.8541078755843415,0.5928454310051166,2102.708265503057,0.9079663311005816,1,2,0,,,,,,,
calibration-2d-02,slab_clutter,2,20020000,RRT*,1,5000,5000,3841,3842,25362,969,20536,4725,664.0,0.11173389194300398,453.0,1947.097603309002,0.980530357573807,1.7372873849817552,1920.8060743542133,0.9939516199445376,1,2,0,,,,,,,
calibration-2d-02,slab_clutter,2,20020000,Informed-RRT*,1,5000,5000,3675,3676,55705,1104,50902,3981,664.0,0.10856536001665518,453.0,1947.097603309002,0.980530357573807,4.41380057198694,1916.5993208522848,0.9961332493610031,1,2,0,,,,,,,
calibration-2d-02,slab_clutter,2,20020001,SC-RRT,1,5000,5000,3547,3549,17481,946,10531,3623,333.0,0.021349556976929307,137.0,2075.5242034017183,0.9198583693095842,1.6097018899745308,1928.0517530237776,0.9902163187318412,1,2,1,,1.2873293216472832,1.2873293216472832,0.9483014372420355,0.9483014372420355,99,0.060429674318529705
calibration-2d-02,slab_clutter,2,20020001,RRT,1,5000,5000,3728,3729,4793,1049,0,0,676.0,0.03869684302480891,462.0,2907.31463013298,0.6566844501162066,0.3344465200207196,2907.31463013298,0.6566844501162066,1,2,1,,,,,,,
calibration-2d-02,slab_clutter,2,20020001,RRT-Connect,1,5000,5000,3803,3805,5000,1197,0,0,1014.0,0.04818636504933238,357.0,2663.9094194005697,0.7166866468129693,0.506095766031649,2575.0573423738865,0.7414158425861077,1,2,1,,,,,,,
calibration-2d-02,slab_clutter,2,20020001,RRT*,1,5000,5000,3728,3729,27067,1049,22274,6838,676.0,0.1094102060305886,462.0,2243.9819835809503,0.8508037600894603,1.811067959992215,1939.291089285664,0.984477430825986,1,2,1,,,,,,,
calibration-2d-02,slab_clutter,2,20020001,Informed-RRT*,1,5000,5000,3712,3713,40749,1073,35918,6597,676.0,0.1136515149846673,462.0,2243.9819835809503,0.8508037600894603,3.2128888799925335,1918.8121340989176,0.994984488202771,1,2,1,,,,,,,
calibration-2d-02,slab_clutter,2,20020001,Dynamic-RRT,1,5000,5000,3375,3376,4338,947,0,0,545.0,0.14334987197071314,344.0,2439.1463872860227,0.782728055665402,1.7375981099903584,2439.1463872860227,0.782728055665402,1,2,1,290,,,,,,
calibration-2d-02,slab_clutter,2,20020002,RRT,1,5000,5000,3913,3914,4820,887,0,0,732.0,0.03809611301403493,539.0,2238.343494803914,0.852946973346881,0.33675298001617193,2238.343494803914,0.852946973346881,1,2,2,,,,,,,
calibration-2d-02,slab_clutter,2,20020002,RRT-Connect,1,5000,5000,4169,4171,5000,831,0,0,323.0,0.015544953988865018,138.0,2266.6393537624494,0.8422991094876079,0.5582879289868288,2221.583194582415,0.8593818650858777,1,2,2,,,,,,,
calibration-2d-02,slab_clutter,2,20020002,RRT*,1,5000,5000,3913,3914,26184,887,21364,4590,732.0,0.14035235601477325,539.0,1988.4992357318617,0.9601151838014194,1.76461701199878,1948.3203354857744,0.9799149936643559,1,2,2,,,,,,,
calibration-2d-02,slab_clutter,2,20020002,Informed-RRT*,1,5000,5000,3761,3762,41038,1044,36212,6708,732.0,0.14019698899937794,539.0,1988.4992357318617,0.9601151838014194,3.2510713060037233,1917.1286061102962,0.995858234611225,1,2,2,,,,,,,
calibration-2d-02,slab_clutter,2,20020002,Dynamic-RRT,1,5000,5000,3217,3218,4366,1140,0,0,839.0,0.1805575219914317,392.0,2620.4830236756657,0.7285635098393892,1.5751604430261068,2620.4830236756657,0.7285635098393892,1,2,2,981,,,,,,
calibration-2d-02,slab_clutter,2,20020002,SC-RRT,1,5000,5000,3534,3536,16696,986,9755,3469,266.0,0.021198039990849793,131.0,2165.4003946339776,0.8816791176055884,1.4465100700035691,1978.9381847543705,0.9647538886823038,1,2,2,,1.2859871254517703,1.2859871254517703,0.9492522415025136,0.9492522415025136,99,0.04620469251291953
calibration-2d-02,slab_clutter,2,20020003,RRT-Connect,1,5000,5000,4263,4265,5000,737,0,0,308.0,0.01629447896266356,152.0,2331.5011908414654,0.8188665383072914,0.5832142119761556,2203.435587223943,0.8664597777550739,1,2,3,,,,,,,
calibration-2d-02,slab_clutter,2,20020003,RRT*,1,5000,5000,3826,3827,26782,969,21973,6018,799.0,0.12992701801704243,527.0,2000.6781511007127,0.9542705847781165,1.8731821929686703,1953.6085753358664,0.9772624533425017,1,2,3,,,,,,,
calibration-2d-02,slab_clutter,2,20020003,Informed-RRT*,1,5000,5000,3673,3674,50935,1120,46105,4993,799.0,0.13711360801244155,527.0,2000.6781511007127,0.9542705847781165,4.139066562987864,1916.3822171717304,0.9962460996018481,1,2,3,,,,,,,
calibration-2d-02,slab_clutter,2,20020003,Dynamic-RRT,1,5000,5000,3087,3088,4527,1429,0,0,1715.0,0.4199447720311582,846.0,2794.4335569651284,0.6832112019428855,1.5025254100328311,2794.4335569651284,0.6832112019428855,1,2,3,2214,,,,,,
calibration-2d-02,slab_clutter,2,20020003,SC-RRT,1,5000,5000,3256,3258,15153,1190,8760,2552,616.0,0.0462198710301891,256.0,2203.7955637046243,0.8663182468678241,1.229923348990269,1977.8614252529678,0.9652791064265251,1,2,3,,1.2859507453084786,1.2859507453084786,0.949278010347061,0.949278010347061,99,0.07918125116908768
calibration-2d-02,slab_clutter,2,20020003,RRT,1,5000,5000,3826,3827,4809,969,0,0,799.0,0.036686346982605755,527.0,2407.2393609015735,0.7931028132111623,0.29231172800064087,2407.2393609015735,0.7931028132111623,1,2,3,,,,,,,
calibration-2d-02,slab_clutter,2,20020004,RRT*,1,5000,5000,3694,3695,24520,1083,19727,4407,815.0,0.10948002495570108,466.0,1978.9214501590927,0.9647620470485029,1.494311761984136,1922.5268125745247,0.9930619935786569,1,2,4,,,,,,,
calibration-2d-02,slab_clutter,2,20020004,Informed-RRT*,1,5000,5000,3542,3543,51198,1252,46379,4976,815.0,0.10944972699508071,466.0,1978.9214501590927,0.9647620470485029,3.7326412559486926,1916.3523092360206,0.9962616477159159,1,2,4,,,,,,,
calibration-2d-02,slab_clutter,2,20020004,Dynamic-RRT,1,5000,5000,3365,3366,4482,1104,0,0,1399.0,0.38116804196033627,855.0,2528.8038211100115,0.7549768365842018,1.7314409589744173,2528.8038211100115,0.7549768365842018,1,2,4,761,,,,,,
calibration-2d-02,slab_clutter,2,20020004,SC-RRT,1,5000,5000,3535,3537,16552,1009,9570,3628,325.0,0.024658128968439996,160.0,2160.9445295362843,0.8834971389170132,1.4238515589968301,2013.4044409084586,0.9482388487939575,1,2,4,,1.2961751696251056,1.2961751696251056,0.9420308234006288,0.9420308234006288,99,0.032492537589344554
calibration-2d-02,slab_clutter,2,20020004,RRT,1,5000,5000,3694,3695,4793,1083,0,0,815.0,0.04092422197572887,466.0,2283.668369724103,0.8360181953364504,0.32893332897219807,2283.668369724103,0.8360181953364504,1,2,4,,,,,,,
calibration-2d-02,slab_clutter,2,20020004,RRT-Connect,1,5000,5000,4066,4068,5000,934,0,0,315.0,0.015916664036922157,151.0,2429.4283233081674,0.7858590808737773,0.5562153109931387,2103.510361161788,0.9076201118159534,1,2,4,,,,,,,
calibration-2d-03,uniform_clutter,2,20030000,Informed-RRT*,1,5000,5000,3806,3807,38944,980,34123,4634,524.0,0.08122689701849595,379.0,2043.963383537583,0.9340618939559263,3.288748225022573,1941.7029498292525,0.983254575253937,1,3,0,,,,,,,
calibration-2d-03,uniform_clutter,2,20030000,Dynamic-RRT,1,5000,5000,3298,3299,4401,1084,0,0,504.0,0.12889239296782762,305.0,2503.7670195126243,0.7625263430362283,1.7014625239535235,2503.7670195126243,0.7625263430362283,1,3,0,306,,,,,,
calibration-2d-03,uniform_clutter,2,20030000,SC-RRT,1,5000,5000,3115,3117,14500,1355,8210,2785,890.0,0.07005403400398791,314.0,2099.9553412754312,0.9091566242756912,1.2869199760025367,1977.6378148525012,0.9653882499946391,1,3,0,,1.2879884800891435,1.2879884800891435,0.9478344249504717,0.9478344249504717,99,0.06261449300044337
calibration-2d-03,uniform_clutter,2,20030000,RRT,1,5000,5000,3719,3720,4795,1059,0,0,524.0,0.026889323024079204,379.0,2442.0404305727093,0.7818004506812911,0.3239550259895623,2442.0404305727093,0.7818004506812911,1,3,0,,,,,,,
calibration-2d-03,uniform_clutter,2,20030000,RRT-Connect,1,5000,5000,3949,3951,5000,1051,0,0,447.0,0.01998381898738444,144.0,2212.6155245930345,0.8628649161967868,0.5286278179846704,2212.6155245930345,0.8628649161967868,1,3,0,,,,,,,
calibration-2d-03,uniform_clutter,2,20030000,RRT*,1,5000,5000,3719,3720,26100,1059,21305,4784,524.0,0.0778586799860932,379.0,2043.963383537583,0.9340618939559263,1.7324249869561754,1950.8857953471238,0.9786263828242051,1,3,0,,,,,,,
calibration-2d-03,uniform_clutter,2,20030001,Dynamic-RRT,1,5000,5000,3245,3246,4422,1160,0,0,1067.0,0.28507505799643695,652.0,2445.950343444881,0.7805507230840892,1.669291605008766,2445.950343444881,0.7805507230840892,1,3,1,684,,,,,,
calibration-2d-03,uniform_clutter,2,20030001,SC-RRT,1,5000,5000,3302,3304,15774,1081,9312,3501,190.0,0.01626801397651434,105.0,2167.1961839641353,0.8809485377145132,1.4673075589817017,2007.8595964653,0.9508574765709087,1,3,1,,1.2815656283377994,1.2815656283377994,0.95,0.95,99,0.05429858108778618
calibration-2d-03,uniform_clutter,2,20030001,RRT,1,5000,5000,3707,3708,4821,1103,0,0,894.0,0.05221753002842888,634.0,2336.9668969979944,0.8169513704520893,0.36060055904090405,2336.9668969979944,0.8169513704520893,1,3,1,,,,,,,
calibration-2d-03,uniform_clutter,2,20030001,RRT-Connect,1,5000,5000,3706,3708,5000,1294,0,0,810.0,0.03773852001177147,245.0,2319.888491104902,0.822965550509879,0.5046296190121211,2172.048214663963,0.8789806305008973,1,3,1,,,,,,,
calibration-2d-03,uniform_clutter,2,20030001,RRT*,1,5000,5000,3707,3708,26321,1103,21500,5076,894.0,0.17806884000310674,634.0,1979.5131300777991,0.9644736779940647,1.6941978199756704,1949.8833894930976,0.9791294799941864,1,3,1,,,,,,,
calibration-2d-03,uniform_clutter,2,20030001,Informed-RRT*,1,5000,5000,3703,3704,39034,1075,34235,4714,894.0,0.1775701210135594,634.0,1979.5131300777991,0.9644736779940647,2.878730764030479,1941.5340669146283,0.9833401029308994,1,3,1,,,,,,,
calibration-2d-03,uniform_clutter,2,20030002,SC-RRT,1,5000,5000,3450,3452,16611,941,9921,4065,144.0,0.011216471961233765,93.0,2061.9976198693575,0.9258925862992214,1.2987884329631925,1979.4500463891188,0.9645044150956924,1,3,2,,1.308401107650566,1.308401107650566,0.9333549931418208,0.9333549931418208,99,0.028771792110240144
calibration-2d-03,uniform_clutter,2,20030002,RRT,1,5000,5000,3762,3763,4772,993,0,0,343.0,0.016799320001155138,219.0,2266.789294090569,0.8422433942937958,0.31017487501958385,2266.789294090569,0.8422433942937958,1,3,2,,,,,,,
calibration-2d-03,uniform_clutter,2,20030002,RRT-Connect,1,5000,5000,3759,3761,5000,1241,0,0,812.0,0.03533836099086329,241.0,2664.4264549512422,0.7165475728015978,0.47553258400876075,2431.1654086956805,0.7852975788381085,1,3,2,,,,,,,
calibration-2d-03,uniform_clutter,2,20030002,RRT*,1,5000,5000,3762,3763,26072,993,21300,4668,343.0,0.041418712004087865,219.0,1985.2684772304806,0.9616776426466325,1.6347352849552408,1950.5320968953934,0.9788038413940889,1,3,2,,,,,,,
calibration-2d-03,uniform_clutter,2,20030002,Informed-RRT*,1,5000,5000,3744,3745,45587,1008,40808,5280,343.0,0.04184944595908746,219.0,1985.2684772304806,0.9616776426466325,3.283064087969251,1940.850100630425,0.9836866374088022,1,3,2,,,,,,,
calibration-2d-03,uniform_clutter,2,20030002,Dynamic-RRT,1,5000,5000,3235,3236,4290,1038,0,0,412.0,0.0913128390093334,266.0,2388.6408090946966,0.7992781090963892,1.5253396179759875,2388.6408090946966,0.7992781090963892,1,3,2,1386,,,,,,
calibration-2d-03,uniform_clutter,2,20030003,RRT,1,5000,5000,3592,3593,4858,1249,0,0,1404.0,0.06754414300667122,904.0,2381.5607085235188,0.8016542691398809,0.2953242820221931,2381.5607085235188,0.8016542691398809,1,3,3,,,,,,,
calibration-2d-03,uniform_clutter,2,20030003,RRT-Connect,1,5000,5000,4088,4090,5000,912,0,0,246.0,0.011036469950340688,108.0,2113.7186486566256,0.9032367247254327,0.4915017429739237,2039.682030656012,0.9360225174850593,1,3,3,,,,,,,
calibration-2d-03,uniform_clutter,2,20030003,RRT*,1,5000,5000,3592,3593,25249,1249,20391,4142,1404.0,0.287424256966915,904.0,2052.204596147387,0.9303109021331529,1.4741573039791547,1952.5603372245766,0.9777870997407698,1,3,3,,,,,,,
calibration-2d-03,uniform_clutter,2,20030003,Informed-RRT*,1,5000,5000,3602,3603,33983,1216,29135,5070,1404.0,0.27972230699378997,904.0,2052.204596147387,0.9303109021331529,2.468799655965995,1942.0839301736721,0.9830616893230499,1,3,3,,,,,,,
calibration-2d-03,uniform_clutter,2,20030003,Dynamic-RRT,1,5000,5000,3264,3265,4343,1067,0,0,449.0,0.08690146601293236,248.0,2404.8964604866287,0.7938754705545018,1.5347170929890126,2404.8964604866287,0.7938754705545018,1,3,3,3101,,,,,,
calibration-2d-03,uniform_clutter,2,20030003,SC-RRT,1,5000,5000,3349,3351,16509,1238,9628,2985,486.0,0.03395541396457702,194.0,2436.325991223176,0.7836341754270559,1.471331234963145,2057.913570756281,0.9277300739612955,1,3,3,,1.2992757389051102,1.2992757389051102,0.9398314097354162,0.9398314097354162,99,0.03795261743628847
calibration-2d-03,uniform_clutter,2,20030004,RRT-Connect,1,5000,5000,3765,3767,5000,1235,0,0,753.0,0.03300668700831011,241.0,3046.115486611641,0.6267616305405977,0.49181379098445177,2456.900647464656,0.7770718409691588,1,3,4,,,,,,,
calibration-2d-03,uniform_clutter,2,20030004,RRT*,1,5000,5000,3600,3601,24450,1211,19622,3745,928.0,0.1575418550055474,554.0,1964.269588376844,0.9719583913027531,1.5866128219640814,1946.8366903533597,0.9806617671958668,1,3,4,,,,,,,
calibration-2d-03,uniform_clutter,2,20030004,Informed-RRT*,1,5000,5000,3656,3657,38358,1158,33521,4913,928.0,0.15212356497067958,554.0,1964.269588376844,0.9719583913027531,2.883985346998088,1943.7700916259175,0.9822089131985191,1,3,4,,,,,,,
calibration-2d-03,uniform_clutter,2,20030004,Dynamic-RRT,1,5000,5000,3225,3226,4348,1109,0,0,621.0,0.1490102400421165,356.0,2236.7609319624707,0.8535504541062466,1.5959582440555096,2236.7609319624707,0.8535504541062466,1,3,4,355,,,,,,
calibration-2d-03,uniform_clutter,2,20030004,SC-RRT,1,5000,5000,3452,3454,16141,875,9635,3464,219.0,0.018004612997174263,136.0,2179.1728776901828,0.8761068608872028,1.4052391179720871,1996.1183040519168,0.956450479577398,1,3,4,,1.2785316841502001,1.2785316841502001,0.95,0.95,99,0.037601220142274815
calibration-2d-03,uniform_clutter,2,20030004,RRT,1,5000,5000,3600,3601,4828,1211,0,0,928.0,0.04926169500686228,554.0,2363.3721220558155,0.8078238257050022,0.3194840619689785,2363.3721220558155,0.8078238257050022,1,3,4,,,,,,,
calibration-3d-00,uniform_clutter,3,30000000,RRT,1,5000,5000,4445,4446,4793,345,0,0,548.0,0.03500007902039215,493.0,3263.8074725918473,0.7164235666024515,0.4063138409983367,3263.8074725918473,0.7164235666024515,1,0,0,,,,,,,
calibration-3d-00,uniform_clutter,3,30000000,RRT-Connect,1,5000,5000,4786,4788,5000,214,0,0,98.0,0.007234345015604049,88.0,2465.620376946256,0.9483489883848215,0.7441464640432969,2465.620376946256,0.9483489883848215,1,0,0,,,,,,,
calibration-3d-00,uniform_clutter,3,30000000,RRT*,1,5000,5000,4445,4446,19222,345,14429,4913,548.0,0.08514001400908455,493.0,2568.754103166462,0.9102734229545903,1.5644712460343726,2479.0546059863364,0.9432097964165909,1,0,0,,,,,,,
calibration-3d-00,uniform_clutter,3,30000000,Informed-RRT*,1,5000,5000,4432,4433,30338,350,25546,11143,548.0,0.09105841798009351,493.0,2568.754103166462,0.9102734229545903,2.8535590549581684,2374.795793002741,0.9846188026387857,1,0,0,,,,,,,
calibration-3d-00,uniform_clutter,3,30000000,Dynamic-RRT,1,5000,5000,3948,3949,4280,326,0,0,268.0,0.08351735101314262,249.0,2700.1542359491,0.8659759354065515,1.9374947340111248,2700.1542359491,0.8659759354065515,1,0,0,254,,,,,,
calibration-3d-00,uniform_clutter,3,30000000,SC-RRT,1,5000,5000,3572,3574,9163,289,3837,510,148.0,0.016103233967442065,123.0,2581.6088269821275,0.9057408565461851,0.8591613889439031,2580.09302954787,0.9062729767646158,1,0,0,,1.446113925674571,1.446113925674571,0.8365200489626777,0.8365200489626777,99,0.0013436948110397977
calibration-3d-00,uniform_clutter,3,30000001,RRT-Connect,1,5000,5000,4767,4769,5000,233,0,0,118.0,0.007914019981399179,93.0,2584.0999202221865,0.9048677150289663,0.7094142699497752,2553.2562536051323,0.9157986343581491,1,0,1,,,,,,,
calibration-3d-00,uniform_clutter,3,30000001,RRT*,1,5000,5000,4434,4435,18076,350,13289,3862,664.0,0.1123270159587264,621.0,2446.0613078783063,0.9559321275745862,1.4562842809827998,2434.160748335953,0.9606056591851944,1,0,1,,,,,,,
calibration-3d-00,uniform_clutter,3,30000001,Informed-RRT*,1,5000,5000,4414,4415,30284,376,25489,9361,664.0,0.11322757898597047,621.0,2446.0613078783063,0.9559321275745862,3.138840266969055,2361.393269820231,0.9902071883164097,1,0,1,,,,,,,
calibration-3d-00,uniform_clutter,3,30000001,Dynamic-RRT,1,5000,5000,3953,3954,4305,347,0,0,326.0,0.10301497596083209,297.0,2860.1504437146323,0.8175334256827232,1.9384417799883522,2860.1504437146323,0.8175334256827232,1,0,1,298,,,,,,
calibration-3d-00,uniform_clutter,3,30000001,SC-RRT,1,5000,5000,3685,3687,9476,205,4036,556,148.0,0.01751584594603628,137.0,2623.619004226449,0.8912378613095929,0.9079697959823534,2577.9411228787717,0.9070294776968582,1,0,1,,1.4217081789869552,1.4217081789869552,0.8534015664419878,0.8534015664419878,99,0.002274655425547492
calibration-3d-00,uniform_clutter,3,30000001,RRT,1,5000,5000,4434,4435,4787,350,0,0,664.0,0.04147082898998633,621.0,2887.409502550292,0.8098153684653038,0.40911871299613267,2887.409502550292,0.8098153684653038,1,0,1,,,,,,,
calibration-3d-00,uniform_clutter,3,30000002,RRT*,1,5000,5000,4360,4361,18580,389,13828,4058,619.0,0.10077233001356944,557.0,2438.936752383034,0.9587245704232842,1.429791817034129,2404.781785705416,0.9723412760846736,1,0,2,,,,,,,
calibration-3d-00,uniform_clutter,3,30000002,Informed-RRT*,1,5000,5000,4403,4404,32067,381,27274,9479,619.0,0.10052276699570939,557.0,2438.936752383034,0.9587245704232842,3.5611543360282667,2354.3726426815592,0.9931599390123591,1,0,2,,,,,,,
calibration-3d-00,uniform_clutter,3,30000002,Dynamic-RRT,1,5000,5000,3982,3983,4317,329,0,0,477.0,0.1559536160202697,405.0,2888.2225841281625,0.8095873922832761,1.949527696997393,2888.2225841281625,0.8095873922832761,1,0,2,386,,,,,,
calibration-3d-00,uniform_clutter,3,30000002,SC-RRT,1,5000,5000,3674,3676,9384,201,3949,443,146.0,0.015696686983574182,125.0,2509.832040371418,0.9316434536679017,0.9183606809820049,2498.806435995669,0.9357541890939955,1,0,2,,1.4184556279716274,1.4184556279716274,0.8556647148012274,0.8556647148012274,98,0.005758421738089106
calibration-3d-00,uniform_clutter,3,30000002,RRT,1,5000,5000,4360,4361,4752,389,0,0,619.0,0.03959496400784701,557.0,3017.48349867496,0.7749068358600028,0.4058748329989612,3017.48349867496,0.7749068358600028,1,0,2,,,,,,,
calibration-3d-00,uniform_clutter,3,30000002,RRT-Connect,1,5000,5000,4724,4726,5000,276,0,0,161.0,0.011080698051955551,110.0,2452.3456245342827,0.9534824809459872,0.6844076480483636,2452.3456245342827,0.9534824809459872,1,0,2,,,,,,,
calibration-3d-00,uniform_clutter,3,30000003,Informed-RRT*,1,5000,5000,4414,4415,35482,374,30689,9338,484.0,0.07701378402998671,456.0,2405.510269841037,0.9720468124929285,4.76574054203229,2349.754987137127,0.9951116618617597,1,0,3,,,,,,,
calibration-3d-00,uniform_clutter,3,30000003,Dynamic-RRT,1,5000,5000,4010,4011,4359,346,0,0,385.0,0.12953453505178913,346.0,2816.718720553153,0.8301391875432951,2.0180236599990167,2816.718720553153,0.8301391875432951,1,0,3,2601,,,,,,
calibration-3d-00,uniform_clutter,3,30000003,SC-RRT,1,5000,5000,3567,3569,9305,230,4066,614,132.0,0.015036827011499554,119.0,2555.8913295547977,0.9148544631689327,0.9710871980059892,2538.585636079449,0.9210910819731765,1,0,3,,1.4291245434969282,1.4291245434969282,0.8482524214380299,0.8482524214380299,99,0.0027817865703727803
calibration-3d-00,uniform_clutter,3,30000003,RRT,1,5000,5000,4479,4480,4796,312,0,0,484.0,0.031618871027603745,456.0,2959.025197391007,0.7902158427983823,0.41332103504100814,2959.025197391007,0.7902158427983823,1,0,3,,,,,,,
calibration-3d-00,uniform_clutter,3,30000003,RRT-Connect,1,5000,5000,4798,4800,5000,202,0,0,107.0,0.0075382430222816765,88.0,2439.2927626861283,0.9585846463313009,0.7013681289972737,2439.2927626861283,0.9585846463313009,1,0,3,,,,,,,
calibration-3d-00,uniform_clutter,3,30000003,RRT*,1,5000,5000,4479,4480,18881,312,14085,4620,484.0,0.07996914495015517,456.0,2405.510269841037,0.9720468124929285,1.5949741119984537,2398.0129337452277,0.9750858960406296,1,0,3,,,,,,,
calibration-3d-00,uniform_clutter,3,30000004,Dynamic-RRT,1,5000,5000,3934,3935,4315,378,0,0,367.0,0.11475902597885579,320.0,2872.786902743845,0.8139373609593757,2.0176466300035827,2872.786902743845,0.8139373609593757,1,0,4,1124,,,,,,
calibration-3d-00,uniform_clutter,3,30000004,SC-RRT,1,5000,5000,3622,3624,9232,236,3857,503,122.0,0.014441845996771008,115.0,2524.8567923131045,0.9260994910035351,1.0351677699945867,2524.8567923131045,0.9260994910035351,1,0,4,,1.4461827173363782,1.4461827173363782,0.8364727335231267,0.8364727335231267,99,0.0013432335931286997
calibration-3d-00,uniform_clutter,3,30000004,RRT,1,5000,5000,4356,4357,4769,410,0,0,439.0,0.031043948023580015,402.0,2906.0267782130954,0.8046273378305814,0.42236937902634963,2906.0267782130954,0.8046273378305814,1,0,4,,,,,,,
calibration-3d-00,uniform_clutter,3,30000004,RRT-Connect,1,5000,5000,4754,4756,5000,246,0,0,104.0,0.007686223019845784,90.0,2478.9564287305516,0.9432471515505368,0.7505703190108761,2478.9564287305516,0.9432471515505368,1,0,4,,,,,,,
calibration-3d-00,uniform_clutter,3,30000004,RRT*,1,5000,5000,4356,4357,17816,410,13047,3745,439.0,0.07505432196194306,402.0,2425.1979738718273,0.9641557577606498,1.4837870399933308,2399.739595284733,0.9743843018686138,1,0,4,,,,,,,
calibration-3d-00,uniform_clutter,3,30000004,Informed-RRT*,1,5000,5000,4369,4370,37738,426,32939,7662,439.0,0.06994288298301399,402.0,2425.1979738718273,0.9641557577606498,5.7006453209905885,2347.0681810314904,0.9962508158541696,1,0,4,,,,,,,
calibration-3d-01,central_cluster,3,30010000,SC-RRT,1,5000,5000,3439,3441,9257,464,4007,693,264.0,0.025617940991651267,173.0,2620.3116621790837,0.8923627765230991,0.9531649349955842,2572.686603744467,0.908882017271247,1,1,0,,1.374674089204508,1.374674089204508,0.8863735384726921,0.8863735384726921,99,0.008713819055256042
calibration-3d-01,central_cluster,3,30010000,RRT,1,5000,5000,4386,4387,4778,386,0,0,662.0,0.04376797401346266,524.0,3103.7445489587044,0.7533701802239058,0.41612889198586345,3103.7445489587044,0.7533701802239058,1,1,0,,,,,,,
calibration-3d-01,central_cluster,3,30010000,RRT-Connect,1,5000,5000,4582,4584,5000,418,0,0,364.0,0.02128787204856053,170.0,2925.7914700789847,0.7991918132685172,0.7032965469988994,2747.039799455287,0.8511957455737051,1,1,0,,,,,,,
calibration-3d-01,central_cluster,3,30010000,RRT*,1,5000,5000,4386,4387,18740,386,13962,4592,662.0,0.09760532900691032,524.0,2602.8075944815323,0.8983639801787796,1.5525491109583527,2584.402244642758,0.9047618632374324,1,1,0,,,,,,,
calibration-3d-01,central_cluster,3,30010000,Informed-RRT*,1,5000,5000,4126,4127,25806,651,21021,7681,662.0,0.10207978001562878,524.0,2602.8075944815323,0.8983639801787796,2.252116371993907,2439.59916069286,0.9584642542481866,1,1,0,,,,,,,
calibration-3d-01,central_cluster,3,30010000,Dynamic-RRT,1,5000,5000,4025,4026,4376,346,0,0,652.0,0.21426743897609413,516.0,2988.6207923132556,0.7823905248307247,2.0533334739739075,2988.6207923132556,0.7823905248307247,1,1,0,519,,,,,,
calibration-3d-01,central_cluster,3,30010001,RRT,1,5000,5000,4409,4410,4821,407,0,0,576.0,0.03537531103938818,472.0,3418.219124436824,0.6840604727478466,0.39045836601871997,3418.219124436824,0.6840604727478466,1,1,1,,,,,,,
calibration-3d-01,central_cluster,3,30010001,RRT-Connect,1,5000,5000,4689,4691,5000,311,0,0,173.0,0.011466868047136813,116.0,2605.7395356332836,0.897353153775481,0.7295953510329127,2567.872546395227,0.9105859219922888,1,1,1,,,,,,,
calibration-3d-01,central_cluster,3,30010001,RRT*,1,5000,5000,4409,4410,18349,407,13528,3978,576.0,0.09471760597079992,472.0,2704.8717947496493,0.8644655893697926,1.5506485039950348,2548.1196622859593,0.9176447342038425,1,1,1,,,,,,,
calibration-3d-01,central_cluster,3,30010001,Informed-RRT*,1,5000,5000,4274,4275,23771,511,18982,7610,576.0,0.08882849104702473,472.0,2704.8717947496493,0.8644655893697926,2.001498628000263,2569.8316297832803,0.9098917466492448,1,1,1,,,,,,,
calibration-3d-01,central_cluster,3,30010001,Dynamic-RRT,1,5000,5000,3956,3957,4302,342,0,0,329.0,0.10674365801969543,272.0,3016.000365110029,0.7752879002495345,2.0743453259929083,3016.000365110029,0.7752879002495345,1,1,1,256,,,,,,
calibration-3d-01,central_cluster,3,30010001,SC-RRT,1,5000,5000,3465,3467,9228,492,4000,695,442.0,0.04582214495167136,277.0,2912.116295402435,0.8029447841453224,0.9673126789857633,2866.8400943347224,0.8156257458651881,1,1,1,,1.367700996105643,1.367700996105643,0.8912984096852996,0.8912984096852996,99,0.011711297925265263
calibration-3d-01,central_cluster,3,30010002,RRT-Connect,1,5000,5000,4625,4627,5000,375,0,0,264.0,0.017173625994473696,143.0,2643.4774991374366,0.8845426492114868,0.7182544799870811,2633.134192743355,0.888017252087649,1,1,2,,,,,,,
calibration-3d-01,central_cluster,3,30010002,RRT*,1,5000,5000,4400,4401,18262,389,13469,4058,750.0,0.12738186598289758,632.0,2539.0056478714964,0.9209387116480838,1.5559460140066221,2459.289363762622,0.9507903480867821,1,1,2,,,,,,,
calibration-3d-01,central_cluster,3,30010002,Informed-RRT*,1,5000,5000,4098,4099,26128,691,21334,7828,750.0,0.12981711199972779,632.0,2539.0056478714964,0.9209387116480838,2.439172428974416,2386.993707916851,0.97958724501985,1,1,2,,,,,,,
calibration-3d-01,central_cluster,3,30010002,Dynamic-RRT,1,5000,5000,4018,4019,4350,329,0,0,377.0,0.11032961599994451,287.0,3169.524464971875,0.7377348293283272,2.0548817270318978,3169.524464971875,0.7377348293283272,1,1,2,238,,,,,,
calibration-3d-01,central_cluster,3,30010002,SC-RRT,1,5000,5000,3415,3417,9609,468,4547,938,461.0,0.044617671985179186,292.0,3227.8316694628593,0.7244084666308183,0.9644729669671506,2663.9318557164447,0.8777509023740114,1,1,2,,1.336861696263452,1.336861696263452,0.9131472607203642,0.9131472607203642,99,0.020009264633721983
calibration-3d-01,central_cluster,3,30010002,RRT,1,5000,5000,4400,4401,4793,389,0,0,750.0,0.04663426202023402,632.0,3093.7507398578678,0.7558038080098878,0.40558836999116465,3093.7507398578678,0.7558038080098878,1,1,2,,,,,,,
calibration-3d-01,central_cluster,3,30010003,RRT*,1,5000,5000,4363,4364,17835,400,13065,3965,582.0,0.09040540998103097,495.0,2527.1982212268767,0.9252414672414683,1.4567425459972583,2495.3783179771403,0.9370397159311235,1,1,3,,,,,,,
calibration-3d-01,central_cluster,3,30010003,Informed-RRT*,1,5000,5000,4134,4135,26934,641,22153,8105,582.0,0.09823190502356738,495.0,2527.1982212268767,0.9252414672414683,2.5789129189797677,2383.926041263845,0.9808477904701878,1,1,3,,,,,,,
calibration-3d-01,central_cluster,3,30010003,Dynamic-RRT,1,5000,5000,3887,3888,4365,473,0,0,519.0,0.15333263901993632,367.0,2876.557528313766,0.8128704422569549,2.0558614319888875,2876.557528313766,0.8128704422569549,1,1,3,371,,,,,,
calibration-3d-01,central_cluster,3,30010003,SC-RRT,1,5000,5000,3350,3352,10070,555,4936,1222,317.0,0.03433936898363754,201.0,2655.523053649291,0.8805303297987463,1.0893618679838255,2584.129625197824,0.9048573134325572,1,1,3,,1.3352275803746603,1.3352275803746603,0.914307082314647,0.914307082314647,99,0.017424867082809582
calibration-3d-01,central_cluster,3,30010003,RRT,1,5000,5000,4363,4364,4770,400,0,0,582.0,0.039489028975367546,495.0,2952.736278763208,0.7918988929134567,0.39055871998425573,2952.736278763208,0.7918988929134567,1,1,3,,,,,,,
calibration-3d-01,central_cluster,3,30010003,RRT-Connect,1,5000,5000,4734,4736,5000,266,0,0,155.0,0.009094382985495031,103.0,2553.98168374746,0.9155385119234842,0.6454002779792063,2534.2215159548987,0.9226772701189544,1,1,3,,,,,,,
calibration-3d-01,central_cluster,3,30010004,Informed-RRT*,1,5000,5000,4147,4148,24324,648,19518,7090,849.0,0.12759420298971236,700.0,2592.1176637751005,0.9020688462161026,1.9311462519690394,2465.6753196764485,0.9483278562908344,1,1,4,,,,,,,
calibration-3d-01,central_cluster,3,30010004,Dynamic-RRT,1,5000,5000,3953,3954,4333,378,0,0,330.0,0.08260865602642298,246.0,2895.423486151587,0.8075739529646014,1.833973980974406,2895.423486151587,0.8075739529646014,1,1,4,260,,,,,,
calibration-3d-01,central_cluster,3,30010004,SC-RRT,1,5000,5000,3390,3392,8849,542,3726,561,431.0,0.03872410103213042,253.0,2936.4014451139333,0.7963041273218209,0.8089164170087315,2742.726799736751,0.8525342700710886,1,1,4,,1.3283916611013415,1.3283916611013415,0.9191600751598737,0.9191600751598737,99,0.015580814495051965
calibration-3d-01,central_cluster,3,30010004,RRT,1,5000,5000,4362,4363,4799,432,0,0,849.0,0.05164602102013305,700.0,3208.726479236976,0.7287216923438162,0.37515576399164274,3208.726479236976,0.7287216923438162,1,1,4,,,,,,,
calibration-3d-01,central_cluster,3,30010004,RRT-Connect,1,5000,5000,4411,4413,5000,589,0,0,581.0,0.03170699503971264,275.0,3021.0665844828163,0.7739877704874479,0.6105238189920783,2809.1542320956614,0.8323745857391421,1,1,4,,,,,,,
calibration-3d-01,central_cluster,3,30010004,RRT*,1,5000,5000,4362,4363,18086,432,13287,3834,849.0,0.1260292800143361,700.0,2592.1176637751005,0.9020688462161026,1.3787917189765722,2499.1604177341096,0.9356216486247011,1,1,4,,,,,,,
calibration-3d-02,slab_clutter,3,30020000,Dynamic-RRT,1,5000,5000,3867,3868,4342,469,0,0,481.0,0.12955338798929006,333.0,2912.8491321982806,0.8027427731738823,1.8964731349842623,2912.8491321982806,0.8027427731738823,1,2,0,315,,,,,,
calibration-3d-02,slab_clutter,3,30020000,SC-RRT,1,5000,5000,3531,3533,9669,303,4373,813,154.0,0.016720403044018894,130.0,2548.241798286774,0.9176007519341538,0.9797650570399128,2503.5180120414802,0.9339931164750261,1,2,0,,1.4060993882513817,1.4060993882513817,0.8642878105376115,0.8642878105376115,99,0.0047068004099991585
calibration-3d-02,slab_clutter,3,30020000,RRT,1,5000,5000,4421,4422,4788,361,0,0,590.0,0.03662549104774371,526.0,3096.073367349482,0.7552368154052347,0.407579432008788,3096.073367349482,0.7552368154052347,1,2,0,,,,,,,
calibration-3d-02,slab_clutter,3,30020000,RRT-Connect,1,5000,5000,4772,4774,5000,228,0,0,119.0,0.008688059984706342,94.0,2506.516035536667,0.9328759748857304,0.7135884939925745,2506.516035536667,0.9328759748857304,1,2,0,,,,,,,
calibration-3d-02,slab_clutter,3,30020000,RRT*,1,5000,5000,4421,4422,17939,361,13151,4138,590.0,0.09479204897070304,526.0,2526.0041495117644,0.9256788397081349,1.441466046962887,2447.2403693104375,0.9554715668885609,1,2,0,,,,,,,
calibration-3d-02,slab_clutter,3,30020000,Informed-RRT*,1,5000,5000,4330,4331,29203,442,24425,9543,590.0,0.09550984599627554,526.0,2526.0041495117644,0.9256788397081349,2.802867671009153,2375.0347719003985,0.9845197290930626,1,2,0,,,,,,,
calibration-3d-02,slab_clutter,3,30020001,SC-RRT,1,5000,5000,3654,3656,10028,251,4607,662,203.0,0.021908042021095753,152.0,2621.2164588723044,0.8920547489709989,0.9328924249857664,2573.3506842958714,0.908647470586695,1,2,1,,1.396932445538652,1.396932445538652,0.870709271060617,0.870709271060617,99,0.003702304707093765
calibration-3d-02,slab_clutter,3,30020001,RRT,1,5000,5000,4371,4372,4765,390,0,0,601.0,0.03548124001827091,506.0,3188.891374311255,0.7332543871059295,0.37884693598607555,3188.891374311255,0.7332543871059295,1,2,1,,,,,,,
calibration-3d-02,slab_clutter,3,30020001,RRT-Connect,1,5000,5000,4721,4723,5000,279,0,0,232.0,0.01437993295257911,141.0,2727.353214691532,0.8573398478870828,0.67521360097453,2622.3987155086916,0.8916525837164346,1,2,1,,,,,,,
calibration-3d-02,slab_clutter,3,30020001,RRT*,1,5000,5000,4371,4372,17763,390,12998,3951,601.0,0.08187892800197005,506.0,2561.1926178407107,0.912960850320321,1.3133059570100158,2528.7092441157783,0.9246885918810385,1,2,1,,,,,,,
calibration-3d-02,slab_clutter,3,30020001,Informed-RRT*,1,5000,5000,4329,4330,26807,443,22028,9082,601.0,0.10640207299729809,506.0,2561.1926178407107,0.912960850320321,2.4225862940074876,2411.7370586580005,0.9695371150945877,1,2,1,,,,,,,
calibration-3d-02,slab_clutter,3,30020001,Dynamic-RRT,1,5000,5000,3974,3975,4334,356,0,0,479.0,0.1551612219773233,407.0,2834.3828425861093,0.824965687445572,1.975670579005964,2834.3828425861093,0.824965687445572,1,2,1,913,,,,,,
calibration-3d-02,slab_clutter,3,30020002,RRT,1,5000,5000,4428,4429,4771,339,0,0,686.0,0.043717916996683925,602.0,3119.3456060746166,0.749602283781713,0.3898371870163828,3119.3456060746166,0.749602283781713,1,2,2,,,,,,,
calibration-3d-02,slab_clutter,3,30020002,RRT-Connect,1,5000,5000,4650,4652,5000,350,0,0,218.0,0.012975982041098177,123.0,2552.5510889525463,0.9160516317726303,0.6743602490168996,2552.5510889525463,0.9160516317726303,1,2,2,,,,,,,
calibration-3d-02,slab_clutter,3,30020002,RRT*,1,5000,5000,4428,4429,18395,339,13624,4150,686.0,0.11199919402133673,602.0,2499.9103755138976,0.935340967868624,1.488219795981422,2492.8570176834705,0.9379874471865457,1,2,2,,,,,,,
calibration-3d-02,slab_clutter,3,30020002,Informed-RRT*,1,5000,5000,4334,4335,28362,467,23553,9039,686.0,0.10365144297247753,602.0,2499.9103755138976,0.935340967868624,2.795496665989049,2373.5375996907815,0.9851407411968566,1,2,2,,,,,,,
calibration-3d-02,slab_clutter,3,30020002,Dynamic-RRT,1,5000,5000,3941,3942,4287,344,0,0,339.0,0.10965193598531187,305.0,2957.0470009351548,0.7907444790287458,2.113009909982793,2957.0470009351548,0.7907444790287458,1,2,2,640,,,,,,
calibration-3d-02,slab_clutter,3,30020002,SC-RRT,1,5000,5000,3527,3529,9422,378,4052,628,160.0,0.01921338401734829,134.0,2550.2267928911288,0.9168865281848706,0.9310543310130015,2529.3208782923316,0.9244649859517484,1,2,2,,1.4137421202568343,1.4137421202568343,0.8589494964180249,0.8589494964180249,99,0.0026512245473901833
calibration-3d-02,slab_clutter,3,30020003,RRT-Connect,1,5000,5000,4626,4628,5000,374,0,0,233.0,0.014348711993079633,127.0,2606.304529014008,0.8971586260115871,0.6767482740106061,2605.011570501545,0.8976039172708148,1,2,3,,,,,,,
calibration-3d-02,slab_clutter,3,30020003,RRT*,1,5000,5000,4475,4476,18064,326,13257,4283,630.0,0.10436630400363356,593.0,2524.073214633668,0.9263869909404943,1.5083854339900427,2504.2372629474635,0.9337248609845635,1,2,3,,,,,,,
calibration-3d-02,slab_clutter,3,30020003,Informed-RRT*,1,5000,5000,4430,4431,27666,362,22867,9164,630.0,0.10544581100111827,593.0,2524.073214633668,0.9263869909404943,2.602430348051712,2407.504006825859,0.9712418270492694,1,2,3,,,,,,,
calibration-3d-02,slab_clutter,3,30020003,Dynamic-RRT,1,5000,5000,3982,3983,4339,351,0,0,356.0,0.10891739703947678,309.0,2765.033506199427,0.8456565119284806,1.9853064530179836,2765.033506199427,0.8456565119284806,1,2,3,282,,,,,,
calibration-3d-02,slab_clutter,3,30020003,SC-RRT,1,5000,5000,3466,3468,9783,414,4623,1090,189.0,0.018795541021972895,149.0,2587.313289573434,0.9037438951212169,0.9391162030515261,2551.4964755380634,0.9164302646057493,1,2,3,,1.3923649821203763,1.3923649821203763,0.8739157527353706,0.8739157527353706,99,0.011384666047738735
calibration-3d-02,slab_clutter,3,30020003,RRT,1,5000,5000,4475,4476,4807,326,0,0,630.0,0.042241421004291624,593.0,3107.5710780378386,0.7524425126566687,0.4206118030124344,3107.5710780378386,0.7524425126566687,1,2,3,,,,,,,
calibration-3d-02,slab_clutter,3,30020004,RRT*,1,5000,5000,4453,4454,19310,324,14527,4684,521.0,0.08001869899453595,456.0,2456.250794461431,0.9519665481597062,1.464575606980361,2449.285128616193,0.9546739017433501,1,2,4,,,,,,,
calibration-3d-02,slab_clutter,3,30020004,Informed-RRT*,1,5000,5000,4254,4255,31481,550,26668,8600,521.0,0.0802827849984169,456.0,2456.250794461431,0.9519665481597062,3.2251493419753388,2362.0524317276618,0.9899308579309217,1,2,4,,,,,,,
calibration-3d-02,slab_clutter,3,30020004,Dynamic-RRT,1,5000,5000,3982,3983,4338,351,0,0,322.0,0.0997525790007785,280.0,2856.7599455583995,0.8185037016685461,1.96199764899211,2856.7599455583995,0.8185037016685461,1,2,4,272,,,,,,
calibration-3d-02,slab_clutter,3,30020004,SC-RRT,1,5000,5000,3524,3526,9306,329,4059,548,200.0,0.020575939968694,147.0,2622.3765481690475,0.8916601209885634,0.9264406779548153,2572.6953709532518,0.9088789199910574,1,2,4,,1.3900313825882713,1.3900313825882713,0.8755556780975376,0.8755556780975376,99,0.006457075204724932
calibration-3d-02,slab_clutter,3,30020004,RRT,1,5000,5000,4453,4454,4783,324,0,0,521.0,0.033155437966343015,456.0,2969.5052198460867,0.7874270011686255,0.3946628500125371,2969.5052198460867,0.7874270011686255,1,2,4,,,,,,,
calibration-3d-02,slab_clutter,3,30020004,RRT-Connect,1,5000,5000,4668,4670,5000,332,0,0,162.0,0.010395756980869919,119.0,2536.3730099127706,0.9218946034670195,0.6636221529915929,2536.3730099127706,0.9218946034670195,1,2,4,,,,,,,
calibration-3d-03,uniform_clutter,3,30030000,Informed-RRT*,1,5000,5000,4211,4212,30253,564,25468,7887,540.0,0.07701860199449584,468.0,2439.449222297877,0.9585231653296787,3.286610556009691,2362.928844379031,0.9895636915941379,1,3,0,,,,,,,
calibration-3d-03,uniform_clutter,3,30030000,Dynamic-RRT,1,5000,5000,4017,4018,4347,325,0,0,273.0,0.0794285949668847,230.0,2907.4441780360835,0.8042350762508653,1.9165733589907177,2907.4441780360835,0.8042350762508653,1,3,0,220,,,,,,
calibration-3d-03,uniform_clutter,3,30030000,SC-RRT,1,5000,5000,3567,3569,9467,349,4059,679,161.0,0.017843864974565804,140.0,2602.5366806903353,0.8984574963215302,0.9097262249561027,2548.1156760110816,0.9176461697682422,1,3,0,,1.3973115014543513,1.3973115014543513,0.8704433647331387,0.8704433647331387,99,0.006368578814512853
calibration-3d-03,uniform_clutter,3,30030000,RRT,1,5000,5000,4437,4438,4801,357,0,0,540.0,0.03198819502722472,468.0,2813.1595060187406,0.8311894811564259,0.3897637749905698,2813.1595060187406,0.8311894811564259,1,3,0,,,,,,,
calibration-3d-03,uniform_clutter,3,30030000,RRT-Connect,1,5000,5000,4752,4754,5000,248,0,0,176.0,0.010726062988396734,118.0,2680.2437398368947,0.8724089363455723,0.6782975569949485,2575.0192464104875,0.9080586847952582,1,3,0,,,,,,,
calibration-3d-03,uniform_clutter,3,30030000,RRT*,1,5000,5000,4437,4438,18397,357,13596,3946,540.0,0.0759618459851481,468.0,2439.449222297877,0.9585231653296787,1.356225608033128,2432.0447808220483,0.9614414210858538,1,3,0,,,,,,,
calibration-3d-03,uniform_clutter,3,30030001,Dynamic-RRT,1,5000,5000,3959,3960,4321,358,0,0,439.0,0.13544349797302857,372.0,2911.089277784633,0.8032280590162556,1.8829601220204495,2911.089277784633,0.8032280590162556,1,3,1,363,,,,,,
calibration-3d-03,uniform_clutter,3,30030001,SC-RRT,1,5000,5000,3499,3501,9428,362,4173,724,240.0,0.02123220800422132,168.0,2910.794099788321,0.8033095128192089,0.9036956920172088,2580.708137051024,0.9060569681040819,1,3,1,,1.3197944167197557,1.3197944167197557,0.92526501495311,0.92526501495311,99,0.016006145094778435
calibration-3d-03,uniform_clutter,3,30030001,RRT,1,5000,5000,4478,4479,4831,349,0,0,852.0,0.05022244300926104,762.0,3098.0827594176762,0.7547469747572176,0.38325280899880454,3098.0827594176762,0.7547469747572176,1,3,1,,,,,,,
calibration-3d-03,uniform_clutter,3,30030001,RRT-Connect,1,5000,5000,4736,4738,5000,264,0,0,154.0,0.009458773012738675,116.0,2583.4728822737484,0.9050873366087138,0.655419607006479,2540.361182721295,0.9204472994321129,1,3,1,,,,,,,
calibration-3d-03,uniform_clutter,3,30030001,RRT*,1,5000,5000,4478,4479,18223,349,13392,3850,852.0,0.14136512903496623,762.0,2500.858926637617,0.9349862022652217,1.3782508530421183,2462.2885128926264,0.9496322538868741,1,3,1,,,,,,,
calibration-3d-03,uniform_clutter,3,30030001,Informed-RRT*,1,5000,5000,4327,4328,29424,485,24606,9572,852.0,0.1340178800164722,762.0,2500.858926637617,0.9349862022652217,2.703124833002221,2375.413280493004,0.9843628514751291,1,3,1,,,,,,,
calibration-3d-03,uniform_clutter,3,30030002,SC-RRT,1,5000,5000,3603,3605,10243,266,4860,1096,147.0,0.017208406003192067,128.0,2571.6134485561975,0.9092613011223666,1.0381417180178687,2519.4462235067595,0.9280883109953432,1,3,2,,1.3415447381272996,1.3415447381272996,0.9098242384695973,0.9098242384695973,99,0.0206927655423549
calibration-3d-03,uniform_clutter,3,30030002,RRT,1,5000,5000,4427,4428,4769,336,0,0,439.0,0.028230782016180456,406.0,3139.6663477760962,0.7447506617619538,0.3845975400181487,3139.6663477760962,0.7447506617619538,1,3,2,,,,,,,
calibration-3d-03,uniform_clutter,3,30030002,RRT-Connect,1,5000,5000,4769,4771,5000,231,0,0,103.0,0.007412950973957777,89.0,2473.2173917994223,0.9454359321469697,0.6778374559944496,2448.487807713276,0.9549847799331174,1,3,2,,,,,,,
calibration-3d-03,uniform_clutter,3,30030002,RRT*,1,5000,5000,4427,4428,17794,336,13025,3551,439.0,0.06562084297183901,406.0,2494.087657206346,0.9375246228663444,1.326839548011776,2482.9185330435625,0.9417419698228011,1,3,2,,,,,,,
calibration-3d-03,uniform_clutter,3,30030002,Informed-RRT*,1,5000,5000,4280,4281,30144,483,25377,9526,439.0,0.06728060997556895,406.0,2494.087657206346,0.9375246228663444,2.875659552984871,2368.5012412546344,0.9872355350674693,1,3,2,,,,,,,
calibration-3d-03,uniform_clutter,3,30030002,Dynamic-RRT,1,5000,5000,3927,3928,4317,384,0,0,382.0,0.11415322398534045,304.0,2857.9774708688237,0.8181550113854298,1.9094324460020289,2857.9774708688237,0.8181550113854298,1,3,2,237,,,,,,
calibration-3d-03,uniform_clutter,3,30030003,RRT,1,5000,5000,4439,4440,4795,352,0,0,594.0,0.036150335043203086,517.0,2937.4979640035763,0.7960068803013262,0.3755772350123152,2937.4979640035763,0.7960068803013262,1,3,3,,,,,,,
calibration-3d-03,uniform_clutter,3,30030003,RRT-Connect,1,5000,5000,4731,4733,5000,269,0,0,140.0,0.009519957995507866,99.0,2520.9051886451807,0.9275511831028633,0.6776750750141218,2507.7968314115296,0.9323995313056818,1,3,3,,,,,,,
calibration-3d-03,uniform_clutter,3,30030003,RRT*,1,5000,5000,4439,4440,18043,352,13248,3908,594.0,0.09496386104729027,517.0,2454.3812516032463,0.952691676849546,1.470545710006263,2401.5071664012144,0.9736671299307441,1,3,3,,,,,,,
calibration-3d-03,uniform_clutter,3,30030003,Informed-RRT*,1,5000,5000,4178,4179,32456,619,27651,7562,594.0,0.09135733998846263,517.0,2454.3812516032463,0.952691676849546,3.730126056994777,2349.3530905645353,0.9952818925383892,1,3,3,,,,,,,
calibration-3d-03,uniform_clutter,3,30030003,Dynamic-RRT,1,5000,5000,4025,4026,4375,348,0,0,519.0,0.17052384396083653,428.0,2991.7769741320362,0.7815651401944339,1.9488527859793976,2991.7769741320362,0.7815651401944339,1,3,3,424,,,,,,
calibration-3d-03,uniform_clutter,3,30030003,SC-RRT,1,5000,5000,3517,3519,10263,311,5030,1186,183.0,0.019239769026171416,145.0,2569.746291800013,0.9099219629888494,1.0395223200321198,2509.805120640807,0.9316534463125862,1,3,3,,1.3617742300613855,1.3617742300613855,0.8954896561810946,0.8954896561810946,99,0.009589407779652703
calibration-3d-03,uniform_clutter,3,30030004,RRT-Connect,1,5000,5000,4717,4719,5000,283,0,0,140.0,0.009559672034811229,103.0,2550.5611315317237,0.9167663387129841,0.6937706010066904,2542.8407397797664,0.9195497593060036,1,3,4,,,,,,,
calibration-3d-03,uniform_clutter,3,30030004,RRT*,1,5000,5000,4371,4372,17707,399,12931,3802,522.0,0.08194622403243557,462.0,2450.9139756392656,0.9540394373115848,1.3626953960047103,2428.2252557069455,0.9629537394533145,1,3,4,,,,,,,
calibration-3d-03,uniform_clutter,3,30030004,Informed-RRT*,1,5000,5000,4292,4293,31117,490,26328,8600,522.0,0.08570183400297537,462.0,2450.9139756392656,0.9540394373115848,3.138933370995801,2357.6439429973825,0.9917819003853628,1,3,4,,,,,,,
calibration-3d-03,uniform_clutter,3,30030004,Dynamic-RRT,1,5000,5000,3896,3897,4278,376,0,0,433.0,0.1265688159619458,370.0,2881.907378432751,0.8113614641875095,1.8793646869598888,2881.907378432751,0.8113614641875095,1,3,4,387,,,,,,
calibration-3d-03,uniform_clutter,3,30030004,SC-RRT,1,5000,5000,3502,3504,9217,386,3907,607,197.0,0.019334679003804922,128.0,2539.6966466473564,0.9206881433279536,0.854957010014914,2529.33907207051,0.924458336186569,1,3,4,,1.4192198269995904,1.4192198269995904,0.8551327176641674,0.8551327176641674,99,0.003668093324771857
calibration-3d-03,uniform_clutter,3,30030004,RRT,1,5000,5000,4371,4372,4776,399,0,0,522.0,0.03128803300205618,462.0,2968.8775801977713,0.7875934682568558,0.3788418640033342,2968.8775801977713,0.7875934682568558,1,3,4,,,,,,,
