epoch,time,train/box_loss,train/pose_loss,train/kobj_loss,train/cls_loss,train/dfl_loss,metrics/precision(B),metrics/recall(B),metrics/mAP50(B),metrics/mAP50-95(B),metrics/precision(P),metrics/recall(P),metrics/mAP50(P),metrics/mAP50-95(P),val/box_loss,val/pose_loss,val/kobj_loss,val/cls_loss,val/dfl_loss,lr/pg0,lr/pg1,lr/pg2,lr/pg3,lr/pg4,lr/pg5,lr/pg6,lr/pg7
1,40.2295,3.52907,0.87481,0.67822,19.6808,2.39984,0.97979,0.9,0.96643,0.34439,0.97979,0.9,0.96643,0.95474,1.70974,0.15762,0.29669,1.46036,1.40637,0.00195556,0.000651852,0.00195556,0.000651852,0.00195556,0.000651852,0.00195556,0.000651852
2,59.5883,1.68155,0.21371,0.23028,1.18117,1.11765,0.83114,0.98552,0.97833,0.62241,0.83114,0.98552,0.97833,0.97833,1.0626,0.02773,0.02947,0.99138,1.06182,0.0039164,0.00130547,0.0039164,0.00130547,0.0039164,0.00130547,0.0039164,0.00130547
3,77.3413,1.50139,0.09635,0.09659,1.02567,1.02844,0.94158,1,0.995,0.52139,0.94158,1,0.995,0.995,1.33952,0.0102,0.01278,0.93241,1.13935,0.00583764,0.00194588,0.00583764,0.00194588,0.00583764,0.00194588,0.00583764,0.00194588
4,94.5775,1.43393,0.06327,0.07128,0.89748,1.01568,0.97126,1,0.995,0.68977,0.97126,1,0.995,0.995,1.00254,0.01094,0.00469,1.31736,1.04885,0.0058218,0.0019406,0.0058218,0.0019406,0.0058218,0.0019406,0.0058218,0.0019406
5,111.753,1.30985,0.04659,0.04295,0.76499,0.9858,0.97651,1,0.995,0.68633,0.97651,1,0.995,0.995,0.88934,0.00507,0.00206,0.79419,0.97785,0.0057624,0.0019208,0.0057624,0.0019208,0.0057624,0.0019208,0.0057624,0.0019208
6,128.604,1.242,0.03444,0.03669,0.67982,0.97899,0.96446,1,0.995,0.65971,0.96446,1,0.995,0.995,1.05333,0.0064,0.00137,0.8492,1.04821,0.005703,0.001901,0.005703,0.001901,0.005703,0.001901,0.005703,0.001901
7,145.478,1.19961,0.03689,0.03519,0.63092,0.93154,0.99393,1,0.995,0.7202,0.99393,1,0.995,0.995,0.91227,0.00353,0.00047,0.53246,0.97543,0.0056436,0.0018812,0.0056436,0.0018812,0.0056436,0.0018812,0.0056436,0.0018812
8,162.901,1.16828,0.02573,0.02968,0.58437,0.93602,0.98917,1,0.995,0.77451,0.98917,1,0.995,0.995,0.85557,0.00223,0.00049,0.45449,0.95113,0.0055842,0.0018614,0.0055842,0.0018614,0.0055842,0.0018614,0.0055842,0.0018614
9,179.881,1.12641,0.02094,0.02894,0.56736,0.92929,0.9934,1,0.995,0.74992,0.9934,1,0.995,0.995,0.90046,0.00306,0.00045,0.47916,0.98839,0.0055248,0.0018416,0.0055248,0.0018416,0.0055248,0.0018416,0.0055248,0.0018416
10,196.635,1.12247,0.02064,0.02273,0.54669,0.92421,0.99104,1,0.995,0.74772,0.99104,1,0.995,0.995,0.86523,0.00544,0.00023,0.46007,0.96733,0.0054654,0.0018218,0.0054654,0.0018218,0.0054654,0.0018218,0.0054654,0.0018218
11,213.339,1.10336,0.01888,0.02306,0.52022,0.91493,0.99376,1,0.995,0.78782,0.99376,1,0.995,0.995,0.89213,0.00145,0.00029,0.43251,0.96243,0.005406,0.001802,0.005406,0.001802,0.005406,0.001802,0.005406,0.001802
12,230.607,1.08477,0.01537,0.02056,0.51959,0.92475,0.99415,1,0.995,0.73929,0.99415,1,0.995,0.995,0.89517,0.00178,0.00051,0.41607,0.97287,0.0053466,0.0017822,0.0053466,0.0017822,0.0053466,0.0017822,0.0053466,0.0017822
13,247.277,1.04007,0.01743,0.0212,0.50793,0.90967,0.99381,1,0.995,0.77883,0.99381,1,0.995,0.995,0.88863,0.00239,0.00138,0.38027,0.96953,0.0052872,0.0017624,0.0052872,0.0017624,0.0052872,0.0017624,0.0052872,0.0017624
14,264.149,1.02964,0.01359,0.02201,0.49822,0.90534,0.99382,1,0.995,0.77716,0.99382,1,0.995,0.995,0.87198,0.00151,0.00121,0.37658,1.00823,0.0052278,0.0017426,0.0052278,0.0017426,0.0052278,0.0017426,0.0052278,0.0017426
15,280.817,0.9989,0.01511,0.01945,0.48851,0.89299,0.99406,1,0.995,0.77278,0.99406,1,0.995,0.995,0.90688,0.00214,0.00016,0.41928,0.98807,0.0051684,0.0017228,0.0051684,0.0017228,0.0051684,0.0017228,0.0051684,0.0017228
16,298.124,0.99719,0.0159,0.01499,0.48343,0.89974,0.9932,1,0.995,0.75476,0.9932,1,0.995,0.995,0.96001,0.00285,9e-05,0.40071,0.99522,0.005109,0.001703,0.005109,0.001703,0.005109,0.001703,0.005109,0.001703
17,314.755,1.03379,0.01556,0.02189,0.51757,0.91159,0.99471,1,0.995,0.75068,0.99471,1,0.995,0.995,1.07504,0.00185,0.00021,0.44417,1.06196,0.0050496,0.0016832,0.0050496,0.0016832,0.0050496,0.0016832,0.0050496,0.0016832
18,331.53,0.97799,0.01923,0.02627,0.49501,0.87662,0.9941,1,0.995,0.7252,0.9941,1,0.995,0.995,1.05882,0.00276,0.00033,0.41716,1.03431,0.0049902,0.0016634,0.0049902,0.0016634,0.0049902,0.0016634,0.0049902,0.0016634
19,348.221,0.9725,0.01342,0.01616,0.4749,0.88054,0.99332,1,0.995,0.72103,0.99332,1,0.995,0.995,1.0394,0.00271,0.00022,0.42338,1.0395,0.0049308,0.0016436,0.0049308,0.0016436,0.0049308,0.0016436,0.0049308,0.0016436
20,365.313,0.93742,0.01575,0.01592,0.47051,0.87298,0.99414,1,0.995,0.74874,0.99414,1,0.995,0.995,1.02904,0.00171,0.00021,0.4079,1.00753,0.0048714,0.0016238,0.0048714,0.0016238,0.0048714,0.0016238,0.0048714,0.0016238
21,382.076,0.92127,0.00868,0.01137,0.45632,0.87029,0.99441,1,0.995,0.81285,0.99441,1,0.995,0.995,0.81275,0.00311,0.00018,0.36687,0.95133,0.004812,0.001604,0.004812,0.001604,0.004812,0.001604,0.004812,0.001604
22,399.038,0.89417,0.01486,0.01305,0.45441,0.87079,0.99458,1,0.995,0.77877,0.99458,1,0.995,0.995,0.90778,0.00185,0.00033,0.38326,0.9702,0.0047526,0.0015842,0.0047526,0.0015842,0.0047526,0.0015842,0.0047526,0.0015842
23,415.75,0.8794,0.0082,0.02024,0.44225,0.85332,0.99448,1,0.995,0.82487,0.99448,1,0.995,0.995,0.86918,0.00149,0.00012,0.36484,0.97593,0.0046932,0.0015644,0.0046932,0.0015644,0.0046932,0.0015644,0.0046932,0.0015644
24,433.145,0.91631,0.00888,0.01949,0.45019,0.86672,0.99344,1,0.995,0.79765,0.99344,1,0.995,0.995,0.92143,0.00172,0.00022,0.37633,0.98325,0.0046338,0.0015446,0.0046338,0.0015446,0.0046338,0.0015446,0.0046338,0.0015446
25,449.925,0.89805,0.01176,0.02987,0.44139,0.86453,0.9945,1,0.995,0.79419,0.9945,1,0.995,0.995,0.95296,0.00169,0.00042,0.39439,1.02076,0.0045744,0.0015248,0.0045744,0.0015248,0.0045744,0.0015248,0.0045744,0.0015248
26,466.612,0.86903,0.011,0.01606,0.4319,0.84928,0.99406,1,0.995,0.77096,0.99406,1,0.995,0.995,0.91332,0.00142,0.00015,0.35552,1.01835,0.004515,0.001505,0.004515,0.001505,0.004515,0.001505,0.004515,0.001505
27,483.335,0.85804,0.00779,0.02062,0.42827,0.86388,0.99392,1,0.995,0.73173,0.99392,1,0.995,0.995,1.03965,0.00125,7e-05,0.38306,1.03624,0.0044556,0.0014852,0.0044556,0.0014852,0.0044556,0.0014852,0.0044556,0.0014852
28,500.556,0.84561,0.00846,0.01463,0.41572,0.85885,0.99449,1,0.995,0.74914,0.99449,1,0.995,0.995,1.00142,0.00139,8e-05,0.42013,0.99866,0.0043962,0.0014654,0.0043962,0.0014654,0.0043962,0.0014654,0.0043962,0.0014654
29,517.237,0.81538,0.01122,0.01389,0.40968,0.85032,0.99442,1,0.995,0.7752,0.99442,1,0.995,0.995,0.94599,0.00095,0.00013,0.36886,1.0047,0.0043368,0.0014456,0.0043368,0.0014456,0.0043368,0.0014456,0.0043368,0.0014456
30,534.028,0.83941,0.00615,0.01378,0.41613,0.84538,0.9936,1,0.995,0.75921,0.9936,1,0.995,0.995,1.01422,0.00086,8e-05,0.36142,1.10173,0.0042774,0.0014258,0.0042774,0.0014258,0.0042774,0.0014258,0.0042774,0.0014258
31,550.781,0.79718,0.00943,0.01301,0.40014,0.8513,0.99438,1,0.995,0.77438,0.99438,1,0.995,0.995,0.91695,0.00123,0.0001,0.35077,1.01912,0.004218,0.001406,0.004218,0.001406,0.004218,0.001406,0.004218,0.001406
32,567.905,0.79574,0.0139,0.01177,0.40236,0.84351,0.99438,1,0.995,0.81399,0.99438,1,0.995,0.995,0.8303,0.00136,9e-05,0.32917,0.94164,0.0041586,0.0013862,0.0041586,0.0013862,0.0041586,0.0013862,0.0041586,0.0013862
33,584.643,0.81123,0.00939,0.01464,0.40983,0.85193,0.9944,1,0.995,0.79679,0.9944,1,0.995,0.995,0.85232,0.001,7e-05,0.32386,0.96587,0.0040992,0.0013664,0.0040992,0.0013664,0.0040992,0.0013664,0.0040992,0.0013664
34,601.297,0.78616,0.00825,0.01304,0.3916,0.84329,0.99433,1,0.995,0.77842,0.99433,1,0.995,0.995,0.95257,0.00133,0.00011,0.35196,0.99417,0.0040398,0.0013466,0.0040398,0.0013466,0.0040398,0.0013466,0.0040398,0.0013466
35,618.024,0.77012,0.00912,0.0195,0.39282,0.83801,0.99459,1,0.995,0.77329,0.99459,1,0.995,0.995,1.00718,0.00111,0.00011,0.36149,1.05104,0.0039804,0.0013268,0.0039804,0.0013268,0.0039804,0.0013268,0.0039804,0.0013268
36,635.169,0.74629,0.0053,0.01553,0.38182,0.83241,0.99463,1,0.995,0.78409,0.99463,1,0.995,0.995,0.87049,0.00107,0.00027,0.33934,0.98606,0.003921,0.001307,0.003921,0.001307,0.003921,0.001307,0.003921,0.001307
37,651.955,0.75831,0.00911,0.01026,0.39119,0.83248,0.98558,1,0.995,0.78562,0.98558,1,0.995,0.995,0.82206,0.00111,0.00027,0.3303,0.96264,0.0038616,0.0012872,0.0038616,0.0012872,0.0038616,0.0012872,0.0038616,0.0012872
38,668.698,0.75986,0.00889,0.01822,0.38435,0.85176,0.9946,1,0.995,0.74545,0.9946,1,0.995,0.995,0.91984,0.00062,0.00016,0.35378,0.99897,0.0038022,0.0012674,0.0038022,0.0012674,0.0038022,0.0012674,0.0038022,0.0012674
39,685.485,0.75261,0.00569,0.02137,0.37538,0.83698,0.99461,1,0.995,0.78919,0.99461,1,0.995,0.995,0.9235,0.00094,0.0003,0.37117,0.98872,0.0037428,0.0012476,0.0037428,0.0012476,0.0037428,0.0012476,0.0037428,0.0012476
40,702.71,0.74786,0.00569,0.01138,0.37318,0.83701,0.99466,1,0.995,0.80751,0.99466,1,0.995,0.995,0.93444,0.00096,0.00035,0.34288,1.01483,0.0036834,0.0012278,0.0036834,0.0012278,0.0036834,0.0012278,0.0036834,0.0012278
41,719.767,0.73733,0.00851,0.01549,0.36755,0.82476,1,1,0.995,0.76252,1,1,0.995,0.995,0.98862,0.00128,0.00022,0.3532,1.00648,0.003624,0.001208,0.003624,0.001208,0.003624,0.001208,0.003624,0.001208
42,736.47,0.71092,0.01014,0.01275,0.3587,0.82312,0.99466,1,0.995,0.7802,0.99466,1,0.995,0.995,0.85733,0.001,7e-05,0.31542,0.98704,0.0035646,0.0011882,0.0035646,0.0011882,0.0035646,0.0011882,0.0035646,0.0011882
43,753.11,0.69289,0.0039,0.01565,0.35915,0.82153,0.99477,1,0.995,0.75822,0.99477,1,0.995,0.995,0.94572,0.00086,0.00014,0.35703,1.02343,0.0035052,0.0011684,0.0035052,0.0011684,0.0035052,0.0011684,0.0035052,0.0011684
44,770.095,0.70005,0.00797,0.01536,0.36267,0.82511,0.99466,1,0.995,0.80234,0.99466,1,0.995,0.995,0.86853,0.00092,0.00012,0.33607,0.98272,0.0034458,0.0011486,0.0034458,0.0011486,0.0034458,0.0011486,0.0034458,0.0011486
45,786.408,0.68587,0.00664,0.00978,0.35184,0.82364,1,1,0.995,0.79632,1,1,0.995,0.995,0.93646,0.00097,7e-05,0.3272,0.99838,0.0033864,0.0011288,0.0033864,0.0011288,0.0033864,0.0011288,0.0033864,0.0011288
46,803.228,0.71662,0.01361,0.02242,0.38064,0.83461,0.99476,1,0.995,0.80044,0.99476,1,0.995,0.995,0.90671,0.00086,0.00018,0.35417,0.9663,0.003327,0.001109,0.003327,0.001109,0.003327,0.001109,0.003327,0.001109
47,820.012,0.70362,0.00885,0.01925,0.35608,0.83364,0.99465,1,0.995,0.79278,0.99465,1,0.995,0.995,0.88311,0.001,0.00103,0.32232,0.95087,0.0032676,0.0010892,0.0032676,0.0010892,0.0032676,0.0010892,0.0032676,0.0010892
48,837.183,0.67445,0.00841,0.00868,0.35218,0.83091,0.99464,1,0.995,0.76721,0.99464,1,0.995,0.995,0.92391,0.00132,0.00072,0.34106,1.00694,0.0032082,0.0010694,0.0032082,0.0010694,0.0032082,0.0010694,0.0032082,0.0010694
49,853.831,0.68038,0.00554,0.01638,0.34694,0.8251,0.99473,1,0.995,0.75683,0.99473,1,0.995,0.995,0.95775,0.00096,0.00034,0.37035,1.05789,0.0031488,0.0010496,0.0031488,0.0010496,0.0031488,0.0010496,0.0031488,0.0010496
50,870.51,0.65908,0.00431,0.01118,0.34645,0.81657,0.9946,1,0.995,0.77517,0.9946,1,0.995,0.995,0.90082,0.00104,0.00018,0.3382,1.00218,0.0030894,0.0010298,0.0030894,0.0010298,0.0030894,0.0010298,0.0030894,0.0010298
51,887.152,0.6775,0.0047,0.01022,0.34861,0.82756,0.99476,1,0.995,0.78827,0.99476,1,0.995,0.995,0.98647,0.00077,0.00011,0.34478,1.01182,0.00303,0.00101,0.00303,0.00101,0.00303,0.00101,0.00303,0.00101
52,904.239,0.66356,0.00679,0.01523,0.34371,0.82319,0.99485,1,0.995,0.74127,0.99485,1,0.995,0.995,0.97967,0.00083,7e-05,0.33417,1.01378,0.0029706,0.0009902,0.0029706,0.0009902,0.0029706,0.0009902,0.0029706,0.0009902
53,920.935,0.64077,0.00389,0.0152,0.33663,0.81595,0.99462,1,0.995,0.78939,0.99462,1,0.995,0.995,0.9624,0.00097,8e-05,0.34146,1.02496,0.0029112,0.0009704,0.0029112,0.0009704,0.0029112,0.0009704,0.0029112,0.0009704
54,937.657,0.65337,0.0072,0.01741,0.33914,0.8255,0.99448,1,0.995,0.76162,0.99448,1,0.995,0.995,0.94495,0.0011,0.00011,0.33513,0.99875,0.0028518,0.0009506,0.0028518,0.0009506,0.0028518,0.0009506,0.0028518,0.0009506
55,954.402,0.64033,0.00696,0.01442,0.33327,0.81791,1,1,0.995,0.76985,1,1,0.995,0.995,1.01383,0.00073,0.00011,0.38171,1.01457,0.0027924,0.0009308,0.0027924,0.0009308,0.0027924,0.0009308,0.0027924,0.0009308
56,971.571,0.6109,0.00812,0.01262,0.32237,0.80806,0.99478,1,0.995,0.78627,0.99478,1,0.995,0.995,0.94267,0.00078,7e-05,0.32395,0.99465,0.002733,0.000911,0.002733,0.000911,0.002733,0.000911,0.002733,0.000911
57,988.393,0.62363,0.00656,0.01258,0.3263,0.81442,1,1,0.995,0.79754,1,1,0.995,0.995,0.97765,0.00089,5e-05,0.34887,1.01713,0.0026736,0.0008912,0.0026736,0.0008912,0.0026736,0.0008912,0.0026736,0.0008912
58,1005.24,0.6039,0.00838,0.0117,0.31271,0.81723,0.99483,1,0.995,0.76877,0.99483,1,0.995,0.995,0.9723,0.00088,6e-05,0.35634,1.02386,0.0026142,0.0008714,0.0026142,0.0008714,0.0026142,0.0008714,0.0026142,0.0008714
59,1021.91,0.62644,0.00505,0.01149,0.3228,0.81509,0.99479,1,0.995,0.77593,0.99479,1,0.995,0.995,0.93087,0.00065,7e-05,0.33343,1.0148,0.0025548,0.0008516,0.0025548,0.0008516,0.0025548,0.0008516,0.0025548,0.0008516
60,1038.92,0.627,0.00481,0.00988,0.32247,0.80822,0.99483,1,0.995,0.75167,0.99483,1,0.995,0.995,0.98312,0.00077,7e-05,0.34204,1.03894,0.0024954,0.0008318,0.0024954,0.0008318,0.0024954,0.0008318,0.0024954,0.0008318
61,1055.74,0.6122,0.00291,0.00958,0.32265,0.81862,0.99476,1,0.995,0.76814,0.99476,1,0.995,0.995,0.98872,0.00082,8e-05,0.35211,1.0289,0.002436,0.000812,0.002436,0.000812,0.002436,0.000812,0.002436,0.000812
62,1072.52,0.59977,0.00531,0.0129,0.31721,0.81578,1,1,0.995,0.747,1,1,0.995,0.995,1.04539,0.00078,8e-05,0.36687,1.06374,0.0023766,0.0007922,0.0023766,0.0007922,0.0023766,0.0007922,0.0023766,0.0007922
63,1089.25,0.58474,0.0074,0.01275,0.31043,0.80659,0.99474,1,0.995,0.77965,0.99474,1,0.995,0.995,0.95033,0.00076,6e-05,0.3252,1.01185,0.0023172,0.0007724,0.0023172,0.0007724,0.0023172,0.0007724,0.0023172,0.0007724
64,1106.39,0.57782,0.00497,0.0138,0.30787,0.80809,0.9944,1,0.995,0.80171,0.9944,1,0.995,0.995,0.91738,0.00075,5e-05,0.31162,0.98302,0.0022578,0.0007526,0.0022578,0.0007526,0.0022578,0.0007526,0.0022578,0.0007526
65,1123.11,0.56152,0.00429,0.00858,0.29987,0.80923,1,1,0.995,0.80474,1,1,0.995,0.995,0.92595,0.00069,6e-05,0.30961,0.98658,0.0021984,0.0007328,0.0021984,0.0007328,0.0021984,0.0007328,0.0021984,0.0007328
66,1139.85,0.57078,0.00836,0.00824,0.30538,0.80868,1,1,0.995,0.77179,1,1,0.995,0.995,0.89615,0.00087,5e-05,0.30639,0.98554,0.002139,0.000713,0.002139,0.000713,0.002139,0.000713,0.002139,0.000713
67,1156.61,0.57462,0.00554,0.00957,0.30166,0.79999,1,1,0.995,0.7659,1,1,0.995,0.995,0.9851,0.0008,3e-05,0.34242,1.02703,0.0020796,0.0006932,0.0020796,0.0006932,0.0020796,0.0006932,0.0020796,0.0006932
68,1173.92,0.55392,0.00349,0.00865,0.29778,0.80743,0.99482,1,0.995,0.76871,0.99482,1,0.995,0.995,1.00617,0.00086,2e-05,0.33548,1.01533,0.0020202,0.0006734,0.0020202,0.0006734,0.0020202,0.0006734,0.0020202,0.0006734
69,1190.62,0.56959,0.00506,0.01138,0.30285,0.8045,1,1,0.995,0.75282,1,1,0.995,0.995,1.00329,0.00074,3e-05,0.33118,1.05186,0.0019608,0.0006536,0.0019608,0.0006536,0.0019608,0.0006536,0.0019608,0.0006536
70,1207.36,0.56538,0.00424,0.01002,0.29966,0.80529,1,1,0.995,0.76518,1,1,0.995,0.995,1.02803,0.00067,2e-05,0.33524,1.06054,0.0019014,0.0006338,0.0019014,0.0006338,0.0019014,0.0006338,0.0019014,0.0006338
71,1224.26,0.56144,0.00382,0.00744,0.30253,0.80141,0.9948,1,0.995,0.76125,0.9948,1,0.995,0.995,1.00914,0.00076,2e-05,0.33472,1.04884,0.001842,0.000614,0.001842,0.000614,0.001842,0.000614,0.001842,0.000614
72,1241.36,0.55812,0.00878,0.01241,0.29664,0.79894,1,1,0.995,0.81006,1,1,0.995,0.995,0.89912,0.00095,3e-05,0.31088,1.0031,0.0017826,0.0005942,0.0017826,0.0005942,0.0017826,0.0005942,0.0017826,0.0005942
73,1258.29,0.54639,0.00476,0.01253,0.29453,0.80325,1,1,0.995,0.79648,1,1,0.995,0.995,0.96781,0.00076,5e-05,0.33553,1.06802,0.0017232,0.0005744,0.0017232,0.0005744,0.0017232,0.0005744,0.0017232,0.0005744
74,1275.04,0.55258,0.00693,0.01488,0.29368,0.8057,0.99479,1,0.995,0.77087,0.99479,1,0.995,0.995,0.96207,0.00071,6e-05,0.33264,1.06191,0.0016638,0.0005546,0.0016638,0.0005546,0.0016638,0.0005546,0.0016638,0.0005546
75,1291.82,0.52414,0.00438,0.01885,0.28242,0.80411,0.99491,1,0.995,0.7936,0.99491,1,0.995,0.995,0.91139,0.00061,0.00013,0.3263,1.00462,0.0016044,0.0005348,0.0016044,0.0005348,0.0016044,0.0005348,0.0016044,0.0005348
76,1308.99,0.53185,0.00645,0.00834,0.28627,0.8034,0.99473,1,0.995,0.78121,0.99473,1,0.995,0.995,0.97107,0.00072,0.00013,0.33981,1.01878,0.001545,0.000515,0.001545,0.000515,0.001545,0.000515,0.001545,0.000515
77,1325.74,0.5144,0.00327,0.01075,0.28117,0.80717,0.99488,1,0.995,0.80146,0.99488,1,0.995,0.995,0.88599,0.00066,0.00012,0.31813,1.00852,0.0014856,0.0004952,0.0014856,0.0004952,0.0014856,0.0004952,0.0014856,0.0004952
78,1342.42,0.53202,0.00716,0.01544,0.28642,0.80551,0.99495,1,0.995,0.77555,0.99495,1,0.995,0.995,0.95803,0.00063,7e-05,0.32296,1.02318,0.0014262,0.0004754,0.0014262,0.0004754,0.0014262,0.0004754,0.0014262,0.0004754
79,1359.17,0.51961,0.00296,0.00875,0.28452,0.80323,0.99488,1,0.995,0.78654,0.99488,1,0.995,0.995,0.87455,0.00057,5e-05,0.29617,0.98542,0.0013668,0.0004556,0.0013668,0.0004556,0.0013668,0.0004556,0.0013668,0.0004556
80,1376.01,0.50573,0.00675,0.00821,0.27704,0.79858,0.99492,1,0.995,0.80003,0.99492,1,0.995,0.995,0.89895,0.00072,4e-05,0.30303,0.99997,0.0013074,0.0004358,0.0013074,0.0004358,0.0013074,0.0004358,0.0013074,0.0004358
81,1392.78,0.50972,0.00534,0.00979,0.27465,0.8076,1,1,0.995,0.77769,1,1,0.995,0.995,0.90459,0.00068,4e-05,0.31646,1.0148,0.001248,0.000416,0.001248,0.000416,0.001248,0.000416,0.001248,0.000416
82,1409.61,0.48243,0.00455,0.01267,0.26942,0.79648,1,1,0.995,0.79045,1,1,0.995,0.995,0.9231,0.00063,5e-05,0.32839,1.01196,0.0011886,0.0003962,0.0011886,0.0003962,0.0011886,0.0003962,0.0011886,0.0003962
83,1426.28,0.48654,0.00753,0.00845,0.26557,0.79302,1,1,0.995,0.7679,1,1,0.995,0.995,0.90585,0.0005,5e-05,0.33864,0.99416,0.0011292,0.0003764,0.0011292,0.0003764,0.0011292,0.0003764,0.0011292,0.0003764
84,1443.7,0.48767,0.00533,0.01111,0.26088,0.79482,1,1,0.995,0.78139,1,1,0.995,0.995,0.88193,0.00046,5e-05,0.30947,0.98786,0.0010698,0.0003566,0.0010698,0.0003566,0.0010698,0.0003566,0.0010698,0.0003566
85,1460.46,0.49249,0.00834,0.01741,0.26479,0.79382,1,1,0.995,0.7784,1,1,0.995,0.995,0.89655,0.00047,6e-05,0.3,0.99952,0.0010104,0.0003368,0.0010104,0.0003368,0.0010104,0.0003368,0.0010104,0.0003368
86,1477.19,0.49201,0.00752,0.01881,0.26265,0.80558,1,1,0.995,0.79821,1,1,0.995,0.995,0.86241,0.00049,7e-05,0.29025,0.97716,0.000951,0.000317,0.000951,0.000317,0.000951,0.000317,0.000951,0.000317
87,1493.88,0.47626,0.00442,0.009,0.26269,0.79877,1,1,0.995,0.76465,1,1,0.995,0.995,0.90376,0.00056,7e-05,0.30804,1.0032,0.0008916,0.0002972,0.0008916,0.0002972,0.0008916,0.0002972,0.0008916,0.0002972
88,1511.1,0.49038,0.00693,0.00876,0.27624,0.79746,1,1,0.995,0.79564,1,1,0.995,0.995,0.91915,0.00055,7e-05,0.30851,1.00717,0.0008322,0.0002774,0.0008322,0.0002774,0.0008322,0.0002774,0.0008322,0.0002774
89,1527.84,0.46785,0.00585,0.00647,0.25957,0.79665,1,1,0.995,0.79043,1,1,0.995,0.995,0.88986,0.00053,7e-05,0.30691,0.99368,0.0007728,0.0002576,0.0007728,0.0002576,0.0007728,0.0002576,0.0007728,0.0002576
90,1544.66,0.45564,0.00461,0.0133,0.25408,0.78879,1,1,0.995,0.79133,1,1,0.995,0.995,0.89509,0.00053,7e-05,0.30678,1.00536,0.0007134,0.0002378,0.0007134,0.0002378,0.0007134,0.0002378,0.0007134,0.0002378
91,1562.9,0.42938,0.00581,0.00026,0.23328,0.79825,0.99495,1,0.995,0.81776,0.99495,1,0.995,0.995,0.89328,0.00063,5e-05,0.30511,0.99635,0.000654,0.000218,0.000654,0.000218,0.000654,0.000218,0.000654,0.000218
92,1580.22,0.42705,0.00403,0.00083,0.23213,0.79363,0.99494,1,0.995,0.79793,0.99494,1,0.995,0.995,0.88487,0.00055,4e-05,0.29233,0.99626,0.0005946,0.0001982,0.0005946,0.0001982,0.0005946,0.0001982,0.0005946,0.0001982
93,1597.01,0.42828,0.00491,0.00073,0.23335,0.7901,0.99497,1,0.995,0.80399,0.99497,1,0.995,0.995,0.88357,0.00051,5e-05,0.30804,0.99028,0.0005352,0.0001784,0.0005352,0.0001784,0.0005352,0.0001784,0.0005352,0.0001784
94,1613.77,0.39344,0.00334,0.00018,0.22398,0.78506,1,1,0.995,0.80038,1,1,0.995,0.995,0.89806,0.0005,5e-05,0.31949,1.009,0.0004758,0.0001586,0.0004758,0.0001586,0.0004758,0.0001586,0.0004758,0.0001586
95,1630.6,0.40352,0.00346,0.00057,0.22413,0.78987,1,1,0.995,0.80657,1,1,0.995,0.995,0.90001,0.00055,5e-05,0.29854,0.99551,0.0004164,0.0001388,0.0004164,0.0001388,0.0004164,0.0001388,0.0004164,0.0001388
96,1647.69,0.40099,0.00321,0.00165,0.22638,0.79023,1,1,0.995,0.77256,1,1,0.995,0.995,0.91103,0.00058,5e-05,0.31789,1.00349,0.000357,0.000119,0.000357,0.000119,0.000357,0.000119,0.000357,0.000119
97,1664.45,0.39136,0.00456,0.00307,0.22025,0.77819,1,1,0.995,0.77256,1,1,0.995,0.995,0.90748,0.00059,5e-05,0.31898,0.99719,0.0002976,9.92e-05,0.0002976,9.92e-05,0.0002976,9.92e-05,0.0002976,9.92e-05
98,1681.14,0.40639,0.00469,0.00228,0.22399,0.78624,1,1,0.995,0.81172,1,1,0.995,0.995,0.89633,0.00053,5e-05,0.30892,0.99578,0.0002382,7.94e-05,0.0002382,7.94e-05,0.0002382,7.94e-05,0.0002382,7.94e-05
99,1697.84,0.38706,0.00359,0.00028,0.21622,0.78648,1,1,0.995,0.825,1,1,0.995,0.995,0.90823,0.0005,5e-05,0.30537,1.01125,0.0001788,5.96e-05,0.0001788,5.96e-05,0.0001788,5.96e-05,0.0001788,5.96e-05
100,1715.49,0.36983,0.00365,0.00321,0.21195,0.78258,1,1,0.995,0.7972,1,1,0.995,0.995,0.89508,0.00049,4e-05,0.30708,0.99553,0.0001194,3.98e-05,0.0001194,3.98e-05,0.0001194,3.98e-05,0.0001194,3.98e-05
